name;comment;element_type;country;lat;long;exact;start;stop;source;energy_elect_MW;energy_therm_MW;fuel_type_1;fuel_type_2; 
[str];[str];[str];[str];[deg];[deg];[boolean];[yyyy];[yyyy];[str];[MW];[MW];[str];[str]; 
Ruien Thermal Power Plant Belgium;GEO_41974;{K};Belgien;50.7836;3.4904;1;1966;;http://globalenergyobservatory.org/select.php;889;;Coal;Natural Gas; 
Langerlo Thermal Power Plant Belgium;GEO_41965;{K};Belgien;50.9405;5.4906;1;;;http://globalenergyobservatory.org/select.php;556;;Coal;Natural Gas; 
Drogenbos CCGT Power Plant Belgium;GEO_41953;{K};Belgien;50.8023;4.299;1;;;http://globalenergyobservatory.org/select.php;538;;Natural Gas;; 
Brugge-Herdersbrug CCGT Power Plant Belgium;GEO_41950;{K};Belgien;51.2629;3.2112;1;1998;;http://globalenergyobservatory.org/select.php;460;;Natural Gas;Fuel Oil; 
Seraing CCGT Power Plant Belgium;GEO_41967;{K};Belgien;50.603;5.4917;1;1994;;http://globalenergyobservatory.org/select.php;460;;Natural Gas;; 
Amercoeur CCGT Power Plant Belgium;GEO_41947;{K};Belgien;50.4304;4.3955;1;2010;;http://globalenergyobservatory.org/select.php;420;;Natural Gas;; 
Marcinelle Energie (Carsid) CCGT Power Plant Belgium;GEO_41970;{K};Belgien;50.4138;4.4067;1;2011;;http://globalenergyobservatory.org/select.php;410;;Natural Gas;; 
Awirs 4 and 5 thermal Power Plant Belgium;GEO_41954;{K};Belgien;50.5851;5.418;1;2005;;http://globalenergyobservatory.org/select.php;389;;Natural Gas;Wood Waste; 
Vilvoorde (Verbrande-Brug) CCGT Power Plant Belgium;GEO_41969;{K};Belgien;50.9414;4.4246;1;2001;;http://globalenergyobservatory.org/select.php;385;;Natural Gas;; 
Ringvaart CCGT Power Plant Belgium;GEO_41949;{K};Belgien;51.1049;3.7257;1;1998;;http://globalenergyobservatory.org/select.php;359;;Natural Gas;Fuel Oil; 
Knippegroen CCGT Power Plant Belgium;GEO_41973;{K};Belgien;51.1587;3.8068;1;2010;;http://globalenergyobservatory.org/select.php;350;;;; 
Saint-Ghislain CCGT Power Plant Belgium;GEO_41948;{K};Belgien;50.4719;3.8248;1;2000;;http://globalenergyobservatory.org/select.php;350;;Natural Gas;Fuel Oil; 
Kallo Thermal Power Plant Belgium;GEO_41966;{K};Belgien;51.2577;4.2941;1;1972;;http://globalenergyobservatory.org/select.php;261;;Natural Gas;; 
Angleur Gas Power Plant Belgium;GEO_41976;{K};Belgien;50.6177;5.5837;1;;;http://globalenergyobservatory.org/select.php;238;;Natural Gas;; 
Ham (Ghent) OCGT and Heat Power Plant Belgium;GEO_41975;{K};Belgien;51.0596;3.7364;1;1993;;http://globalenergyobservatory.org/select.php;156;;Natural Gas;; 
ExxonMobil Antwerp Refinery CHP Power Plant Belgium;GEO_41968;{K};Belgien;51.2565;4.3383;1;2009;;http://globalenergyobservatory.org/select.php;130;;Natural Gas;; 
Skaerbaek CHP Power Plant Denmark;GEO_44237;{K};Daenemark;55.5118;9.6148;1;1997;;http://globalenergyobservatory.org/select.php;392;444;Natural Gas;Fuel Oil; 
HC Orsted CHP Power Plant Denmark;GEO_44235;{K};Daenemark;55.6761;12.56834;1;1984;;http://globalenergyobservatory.org/select.php;185;885;Natural Gas;Fuel Oil; 
Herning CHP Power Plant Denmark;GEO_44236;{K};Daenemark;56.1214;9.0068;1;1982;;http://globalenergyobservatory.org/select.php;95;0;Biomass (wood chips and pellets);Natural Gas; 
Svanemolle CHP Power Plant Denmark;GEO_44234;{K};Daenemark;55.7131;12.588;1;1995;;http://globalenergyobservatory.org/select.php;81;355;Natural Gas;Fuel Oil; 
Weisweiler Coal Power Plant Germany;GEO_44318;{K};Deutschland;50.8387;6.3219;1;1955;2000;http://globalenergyobservatory.org/select.php;2180;;Coal Lignite;Natural Gas; 
Großkrotzenburg (Staudinger) Coal CHP Power Station Germany;GEO_44208;{K};Deutschland;50.088;8.9522;1;1965;;http://globalenergyobservatory.org/select.php;1823;;Coal Hard;Natural Gas; 
Gersteinwerk CCGT Power Plant Germany;GEO_44438;{K};Deutschland;51.6732;7.7141;1;1972;;http://globalenergyobservatory.org/select.php;1285;;Natural Gas;; 
Lingen (Emsland) CCGT CHP Power Plant Germany;GEO_44323;{K};Deutschland;52.4828;7.3039;1;2010;;http://globalenergyobservatory.org/select.php;886;;Natural Gas;Fuel Oil; 
Lingen Cogeneration Power Plant Germany;GEO_44324;{K};Deutschland;52.4807;7.3062;1;1974;;http://globalenergyobservatory.org/select.php;854;74;Natural Gas;; 
Hamm-Uentrop CHP CCGT Power Plant Germany;GEO_44312;{K};Deutschland;51.6736;7.9288;1;2008;;http://globalenergyobservatory.org/select.php;850;;Natural Gas;; 
Irsching-5 CCGT Power Plant Germany;GEO_44306;{K};Deutschland;48.7677;11.5854;1;2010;;http://globalenergyobservatory.org/select.php;850;;Natural Gas;; 
Franken 1 Power Plant Germany;GEO_44466;{K};Deutschland;49.4209;11.0081;1;1973;;http://globalenergyobservatory.org/select.php;843;;Natural Gas;Fuel Oil; 
Knapsack CCGT Power Plant Germany;GEO_44314;{K};Deutschland;50.8593;6.841;1;2007;;http://globalenergyobservatory.org/select.php;800;;Natural Gas;; 
Werne (Gersteinwerk Block K) Coal Power Plant Germany;GEO_44437;{K};Deutschland;51.6739;7.7195;1;1984;;http://globalenergyobservatory.org/select.php;770;;Coal Bituminous;Natural Gas; 
Mainz-Wiesbaden CCGT CHP Power Plant Germany;GEO_44316;{K};Deutschland;50.0264;8.2373;1;1977;;http://globalenergyobservatory.org/select.php;755;;Natural Gas;; 
Munchen Sud CCGT CHP Power Plant Germany;GEO_44307;{K};Deutschland;48.1143;11.5559;1;1980;;http://globalenergyobservatory.org/select.php;698;814;Natural Gas;Light Fuel Oil/Diesel; 
Duisberg-Huckingen CHP Power Plant Germany;GEO_44335;{K};Deutschland;51.3762;6.7239;1;1975;;http://globalenergyobservatory.org/select.php;606;;Blast furnace gas and coke oven gas;Natural Gas; 
Dormagen CCGT CHP Power Plant Germany;GEO_44311;{K};Deutschland;51.079;6.8288;1;2000;;http://globalenergyobservatory.org/select.php;560;;Natural Gas;Light Fuel Oil/Diesel; 
Irsching-4 (Ulrich Hartmann) CCGT Power Plant Germany;GEO_44305;{K};Deutschland;48.767;11.581;1;2009;;http://globalenergyobservatory.org/select.php;550;;Natural Gas;Light Fuel Oil/Diesel; 
Lausward E CHP Coal Power Plant Germany;GEO_44480;{K};Deutschland;51.222;6.7317;1;1974;;http://globalenergyobservatory.org/select.php;458;140;Coal;Natural Gas; 
Berlin Lichterfelde CHP Power PlantGermany;GEO_44465;{K};Deutschland;52.4247;13.3102;1;1972;;http://globalenergyobservatory.org/select.php;450;702;Natural Gas;Heavy Fuel Oil; 
Berlin-Mite CCGT CHP Power Plant Germany;GEO_44304;{K};Deutschland;52.5116;13.421;1;1996;;http://globalenergyobservatory.org/select.php;444;670;Natural Gas;Light Fuel Oil/Diesel; 
Irsching 3 Power Plant Germany;GEO_44483;{K};Deutschland;48.767;11.58;1;1974;;http://globalenergyobservatory.org/select.php;440;25;Natural Gas;Fuel Oil; 
Herdecke CCGT Power Plant Germany;GEO_44313;{K};Deutschland;51.403;7.4144;1;2007;;http://globalenergyobservatory.org/select.php;417;;Natural Gas;; 
Niehl CCGT CHP Power Plant Germany;GEO_44317;{K};Deutschland;50.9748;6.9888;1;2005;;http://globalenergyobservatory.org/select.php;406;;Natural Gas;Fuel Oil; 
Wedel CHP Power Plant Germany;GEO_44460;{K};Deutschland;53.5667;9.72528;1;1965;;http://globalenergyobservatory.org/select.php;391.7;423;Coal Bituminous;Natural Gas; 
Ludwigshafen Mitte CCGT CHP Power Plant Germany;GEO_44310;{K};Deutschland;49.4988;8.4341;1;1997;;http://globalenergyobservatory.org/select.php;390;540;Natural Gas;; 
Karlsruhe RDK 4s Power Plant Germany;GEO_44471;{K};Deutschland;49.0133;8.3028;1;1998;;http://globalenergyobservatory.org/select.php;365;;Natural Gas;; 
Gustav Knepper Coal Power Plant Germany;GEO_44474;{K};Deutschland;51.5683;7.3489;1;1971;;http://globalenergyobservatory.org/select.php;364;36;oal Bituminous;Natural Gas; 
Wilmersdorf CHP Power Plant Germany;GEO_44332;{K};Deutschland;52.4816;13.3078;1;1976;;http://globalenergyobservatory.org/select.php;330;330;Oil distillate;Natural Gas; 
Nossener Brücke CHP CCGT Power Plant Germany;GEO_44315;{K};Deutschland;51.04206;13.7086;1;1995;;http://globalenergyobservatory.org/select.php;270;;Natural Gas;Light Fuel Oil/Diesel; 
Charlottenburg CHP Power Plant Germany;GEO_44331;{K};Deutschland;52.5222;13.3093;1;1975;;http://globalenergyobservatory.org/select.php;214;300;Natural Gas;Light Fuel Oil/Diesel; 
Werdohl-Elverlingsen E CCGT Power Plant Germany;GEO_6032;{K};Deutschland;51.27724;7.70523;1;1975;;http://globalenergyobservatory.org/select.php;206;;Natural Gas;; 
Klingenberg CHP Coal Power Plant Germany;GEO_43189;{K};Deutschland;52.4889;13.4968;1;1927;;http://globalenergyobservatory.org/select.php;188;1010;Coal Lignite;Natural Gas; 
Freimann CHP Power Plant Germany;GEO_44309;{K};Deutschland;48.1889;11.5957;1;1974;;http://globalenergyobservatory.org/select.php;160;400;Natural Gas;; 
Knapsack CCGT Power Plant Germany;GEO_44472;{K};Deutschland;50.8621;6.8491;1;2013;;http://globalenergyobservatory.org/select.php;;;;; 
Iru CHP Power Plant Estonia;GEO_42154;{K};Estland;59.4514;24.9246;1;1969;;http://globalenergyobservatory.org/select.php;190;398;Natural Gas;Fuel Oil; 
Mussalo Thermal CHP Power Plant Finland;GEO_44258;{K};Finnland;60.4352;26.9118;1;1966;;http://globalenergyobservatory.org/select.php;313;;Coal;Natural Gas; 
Tahkoluoto Thermal CHP Power Plant Finland;GEO_44256;{K};Finnland;61.6322;21.405;1;1976;;http://globalenergyobservatory.org/select.php;235;;;; 
Martinlaakso Thermal CHP Power Plant Finland;GEO_44260;{K};Finnland;60.2833;24.8364;1;1975;;http://globalenergyobservatory.org/select.php;195;330;Coal;Natural Gas; 
DK6 (Dunkerque) CCGT Gas Power Plant France;GEO_2947;{K};Frankreich;51.04816;2.32547;1;2005;;http://globalenergyobservatory.org/select.php;800;;Natural Gas;Furnace Gas; 
Bouchain CCGT Power Plant France;GEO_45599;{K};Frankreich;50.2987;3.3156;1;2016;;http://globalenergyobservatory.org/select.php;575;;Natural Gas;; 
Fos-sur-Mer CCGT Power Plant France;GEO_3211;{K};Frankreich;43.437;4.9056;1;2009;;http://globalenergyobservatory.org/select.php;480;;Natural Gas;; 
Croix de Metz-Toul CCGT Power Plant France;GEO_45605;{K};Frankreich;48.675;5.8917;1;2013;;http://globalenergyobservatory.org/select.php;413;;Natural Gas;; 
Pont-Sur-Sambre Combustion Gas Power Plant France;GEO_4844;{K};Frankreich;50.23084;3.8653;1;2009;;http://globalenergyobservatory.org/select.php;412;;Natural Gas;; 
Bayet CCGT Power Plant France;GEO_45400;{K};Frankreich;46.2731;3.3007;1;2011;;http://globalenergyobservatory.org/select.php;408;;Natural Gas;; 
Megalopolis V CCPP Power Plant Greece;GEO_46122;{K};Griechenland;37.41415;22.06626;1;2016;;http://globalenergyobservatory.org/select.php;811;;Natural Gas;; 
Lavario Megalo CCGT Power Plant Greece;GEO_42775;{K};Griechenland;37.7464;24.065;1;1997;;http://globalenergyobservatory.org/select.php;570;;Natural Gas;Light Fuel Oil/Diesel; 
Komotini CCGT Power Plant Greece;GEO_42769;{K};Griechenland;41.0645;25.4895;1;2001;;http://globalenergyobservatory.org/select.php;485;;Natural Gas;; 
Lavario Thermal Power Plant Greece;GEO_42777;{K};Griechenland;37.7464;24.067;1;1972;;http://globalenergyobservatory.org/select.php;450;;Natural Gas;Fuel Oil; 
Korinthos Power CCGT Power Plant Greece;GEO_42786;{K};Griechenland;37.9168;23.0694;1;2011;;http://globalenergyobservatory.org/select.php;437;;Natural Gas;; 
Heron-II CCGT Power Plant Greece;GEO_42770;{K};Griechenland;38.2792;23.3299;1;2010;;http://globalenergyobservatory.org/select.php;435;;Natural Gas;; 
Protergia CCGT Power Plant Greece;GEO_42785;{K};Griechenland;38.3585;22.6883;1;2011;;http://globalenergyobservatory.org/select.php;430;;Natural Gas;; 
Thisvi CCGT Power Plant Greece;GEO_42773;{K};Griechenland;38.2369;22.949;1;2010;;http://globalenergyobservatory.org/select.php;420;;Natural Gas;Light Fuel Oil/Diesel; 
Thessaloniki CCGT Power Plant Greece;GEO_42772;{K};Griechenland;40.6872;22.885;1;2005;;http://globalenergyobservatory.org/select.php;400;;Natural Gas;Light Fuel Oil/Diesel; 
Lavario-V CCGT Power Plant Greece;GEO_42774;{K};Griechenland;37.745;24.068;1;2006;;http://globalenergyobservatory.org/select.php;378;;Natural Gas;; 
Aglos Georgios Thermal Power Plant Greece;GEO_42768;{K};Griechenland;37.9539;23.61037;1;1968;;http://globalenergyobservatory.org/select.php;360;;Natural Gas;Fuel Oil; 
Distomo CCGT Heat and Power Plant Greece;GEO_42784;{K};Griechenland;38.3585;22.6894;1;2007;;http://globalenergyobservatory.org/select.php;316;252;Natural Gas;; 
Heron-I OCGT Power Plant Greece;GEO_42771;{K};Griechenland;38.2801;23.3264;1;2004;;http://globalenergyobservatory.org/select.php;148;;Natural Gas;Light Fuel Oil/Diesel; 
Thermie Serres CHP Power Plant Greece;GEO_42780;{K};Griechenland;41.0634;23.5184;1;2007;;http://globalenergyobservatory.org/select.php;16;91.5;Natural Gas;; 
Didcot A Coal Power Plant UK (Shutdown);GEO_2928;{K};Grossbritannien;51.62363;-1.26757;1;1968;2013;http://globalenergyobservatory.org/select.php;2000;;Coal;Natural Gas; 
Pembroke CCGT Power Station UK;GEO_4743;{K};Grossbritannien;51.685;-4.99;1;2011;;http://globalenergyobservatory.org/select.php;2000;;Natural Gas;; 
Teesside CCGT and Heat Power Station UK;GEO_5676;{K};Grossbritannien;54.575519;-1.127558;1;1993;;http://globalenergyobservatory.org/select.php;1825;;Natural Gas;Naptha; 
Connahs Quay CCGT Power Station;GEO_2756;{K};Grossbritannien;53.231703;-3.081493;1;1997;;http://globalenergyobservatory.org/select.php;1420;;Natural Gas;; 
Didcot B CCGT Power Station UK;GEO_2929;{K};Grossbritannien;51.6246;-1.2683;1;1997;;http://globalenergyobservatory.org/select.php;1360;;Natural Gas;; 
West Burton CCGT Power Plant UK;GEO_44588;{K};Grossbritannien;53.3631;-0.7976;1;2012;;http://globalenergyobservatory.org/select.php;1305;;Natural Gas;; 
Grain CCHGT Power Station UK;GEO_3365;{K};Grossbritannien;51.4444;0.7114;1;2010;;http://globalenergyobservatory.org/select.php;1275;;Natural Gas;; 
South Humber Bank CCGT Power Station UK;GEO_5469;{K};Grossbritannien;53.600782;-0.144625;1;1997;;http://globalenergyobservatory.org/select.php;1260;;Natural Gas;; 
Saltend CCGT Power Station UK;GEO_5231;{K};Grossbritannien;53.734802;-0.243416;1;2000;;http://globalenergyobservatory.org/select.php;1200;;Natural Gas;; 
Seabank 1 and 2 CCGT Power Station UK;GEO_5298;{K};Grossbritannien;51.5392;-2.67;1;2000;;http://globalenergyobservatory.org/select.php;1145;;Natural Gas;; 
Peterhead CCGT Power Station Scotland;GEO_4765;{K};Grossbritannien;57.477213;-1.788879;1;;;http://globalenergyobservatory.org/select.php;1070;;Natural Gas;; 
Barking CCGT Power Station UK;GEO_2248;{K};Grossbritannien;51.521;0.147;1;1995;;http://globalenergyobservatory.org/select.php;1000;;Natural Gas;Light Fuel Oil/Diesel; 
Fort Dunlop Power Station;GEO_3203;{K};Grossbritannien;52.509966;-1.808281;1;1999;;http://globalenergyobservatory.org/select.php;1000;;Natural Gas;; 
Killingholme B CCGT Power Station UK;GEO_3849;{K};Grossbritannien;53.653541;-0.255604;1;1993;;http://globalenergyobservatory.org/select.php;900;;Natural Gas;National Grid; 
Langage CCGT Power Plant UK;GEO_3998;{K};Grossbritannien;50.388219;-4.011759;1;2009;;http://globalenergyobservatory.org/select.php;885;;Natural Gas;National Grid; 
Spalding CCGT Power Station;GEO_5493;{K};Grossbritannien;52.807811;-0.132164;1;2004;;http://globalenergyobservatory.org/select.php;860;;Natural Gas;; 
Severn CCGT Power Plant UK;GEO_44587;{K};Grossbritannien;51.5475;-2.975;1;2010;;http://globalenergyobservatory.org/select.php;848;;Natural Gas;; 
Marchwood CCGT Power Plant UK;GEO_44589;{K};Grossbritannien;50.8998;-1.4384;1;2009;;http://globalenergyobservatory.org/select.php;842;;Natural Gas;; 
Sutton Bridge CCGT Power Station. UK;GEO_5612;{K};Grossbritannien;52.7579;0.1923;1;1999;;http://globalenergyobservatory.org/select.php;819;;Natural Gas;; 
Damhead Creek CCGT Power Station. UK;GEO_2860;{K};Grossbritannien;51.424915;0.601426;1;2001;;http://globalenergyobservatory.org/select.php;792;;Natural Gas;; 
Coryton CCGT Power Station UK;GEO_2781;{K};Grossbritannien;51.511854;0.507903;1;2001;;http://globalenergyobservatory.org/select.php;779;;Natural Gas;; 
Immingham CHP Power Station. UK;GEO_3638;{K};Grossbritannien;53.636827;-0.23773;1;2004;;http://globalenergyobservatory.org/select.php;750;;Natural Gas;; 
Rocksavage CCHP Power Station. UK;GEO_5152;{K};Grossbritannien;53.314724;-2.723236;1;1998;;http://globalenergyobservatory.org/select.php;750;;Natural Gas;; 
Rye House CCGT Power Station;GEO_5191;{K};Grossbritannien;51.762608;0.00942;1;1993;;http://globalenergyobservatory.org/select.php;715;;Natural Gas;; 
Medway CCGT Power Station. UK;GEO_4239;{K};Grossbritannien;51.439564;0.689392;1;1995;;http://globalenergyobservatory.org/select.php;688;;Natural Gas;; 
Little Barford CCGT Power Station;GEO_4053;{K};Grossbritannien;52.204609;-0.269294;1;1995;;http://globalenergyobservatory.org/select.php;680;;Natural Gas;; 
Killingholme A CCGT Power Station UK;GEO_3848;{K};Grossbritannien;53.6592;-0.256;1;1994;;http://globalenergyobservatory.org/select.php;665;;Natural Gas;; 
Ballylumford C CCGT Power Station Northern Ireland;GEO_2233;{K};Grossbritannien;54.8428;-5.7853;1;2003;;http://globalenergyobservatory.org/select.php;600;;Natural Gas;Light Fuel Oil/Diesel; 
Ballylumford B Thermal Power Station Northern Ireland;GEO_43945;{K};Grossbritannien;54.845;-5.787;1;1974;;http://globalenergyobservatory.org/select.php;540;;Natural Gas;Light Fuel Oil/Diesel; 
Balgan Bay CCGT Power Station;GEO_2231;{K};Grossbritannien;51.614526;-3.835173;1;2003;;http://globalenergyobservatory.org/select.php;525;;Natural Gas;; 
Deeside CCGT Power Station. UK;GEO_2889;{K};Grossbritannien;53.23318;-3.054693;1;1994;;http://globalenergyobservatory.org/select.php;498;;Natural Gas;; 
Great Yarmouth CC Power Station;GEO_3389;{K};Grossbritannien;52.583948;1.733807;1;2002;;http://globalenergyobservatory.org/select.php;420;;Natural Gas;; 
Coolkeeragh ESB CCGT Power Station Northern Ireland;GEO_2762;{K};Grossbritannien;55.0437;-7.24868;1;2005;;http://globalenergyobservatory.org/select.php;408;;Natural Gas;; 
Enfield CCGT Power Station UK;GEO_3081;{K};Grossbritannien;51.662484;-0.022477;1;1999;;http://globalenergyobservatory.org/select.php;408;;Natural Gas;; 
Cottam Development Center CCGT Power Station. UK;GEO_2788;{K};Grossbritannien;53.305134;-0.785823;1;;;http://globalenergyobservatory.org/select.php;400;;Natural Gas;; 
Shoreham CCGT Power Station UK;GEO_5384;{K};Grossbritannien;50.829252;-0.231099;1;2000;;http://globalenergyobservatory.org/select.php;400;;Natural Gas;; 
Corby CC Power Station;GEO_2770;{K};Grossbritannien;52.510436;-0.681431;1;1994;;http://globalenergyobservatory.org/select.php;365;;Natural Gas;; 
Peterborough CCGT Power Station UK;GEO_4764;{K};Grossbritannien;52.5769;-0.204;1;1993;;http://globalenergyobservatory.org/select.php;360;;Natural Gas;; 
Kings Lynn CCGT Power Station UK;GEO_3861;{K};Grossbritannien;52.72735;0.37954;1;1997;;http://globalenergyobservatory.org/select.php;340;;Natural Gas;Gas Oil; 
Glanford Brigg CCGT Power Station UK;GEO_3328;{K};Grossbritannien;53.541098;-0.505564;1;1993;;http://globalenergyobservatory.org/select.php;272;;Natural Gas;National Grid; 
Derwent CHP Power Station. UK;GEO_2905;{K};Grossbritannien;52.911005;-1.414278;1;1995;;http://globalenergyobservatory.org/select.php;236;;Natural Gas;; 
Barry CCGT Power Station UK;GEO_2256;{K};Grossbritannien;51.408937;-3.230152;1;1998;;http://globalenergyobservatory.org/select.php;230;;Natural Gas;National Grid; 
Roosecote CCGT Power Station UK;GEO_5165;{K};Grossbritannien;54.105163;-3.190241;1;1991;;http://globalenergyobservatory.org/select.php;229;;Natural Gas;National Grid; 
Shotton CHP Power Station;GEO_5387;{K};Grossbritannien;53.233244;-3.033772;1;2001;;http://globalenergyobservatory.org/select.php;210;;Natural Gas;; 
Fellside CHP Power Station;GEO_3162;{K};Grossbritannien;54.418387;-3.488331;1;;;http://globalenergyobservatory.org/select.php;180;;Natural Gas;; 
Fife CCGT Power Station. Scotland (Shutdown);GEO_3177;{K};Grossbritannien;56.168889;-3.306111;1;1998;2011;http://globalenergyobservatory.org/select.php;123;;Natural Gas;; 
Ballylumford Peaking Power Station Northern Ireland;GEO_43949;{K};Grossbritannien;54.8434;-5.7816;1;1976;;http://globalenergyobservatory.org/select.php;106;;Natural Gas;; 
Pulrose CCGT Power Station;GEO_4963;{K};Grossbritannien;54.150485;-4.501948;1;2003;;http://globalenergyobservatory.org/select.php;85;;Natural Gas;; 
Seal Sands Gas Power Station;GEO_5302;{K};Grossbritannien;54.609072;-1.200868;1;1997;;http://globalenergyobservatory.org/select.php;50;;Natural Gas;; 
Keadby CCGT Power Station. UK;GEO_3813;{K};Grossbritannien;53.594444;-0.750442;1;1996;;http://globalenergyobservatory.org/select.php;;;Natural Gas;; 
Eems CCGT Power Plant Netherlands;GEO_44495;{K};Holland;53.4348;6.8791;1;1976;;http://globalenergyobservatory.org/select.php;2400;;Natural Gas;; 
Magnum CCGT Power Plant Netherland;GEO_44513;{K};Holland;53.448;6.8527;1;2013;;http://globalenergyobservatory.org/select.php;1290;;Natural Gas;; 
Amer CHP Coal Power Plant Netherlands;GEO_44517;{K};Holland;51.7081;4.8438;1;1980;;http://globalenergyobservatory.org/select.php;1245;600;Coal;Natural Gas; 
Maasvlakte-3 USC coal Power Plant Netherlands;GEO_44522;{K};Holland;51.9626;4.0217;1;2014;;http://globalenergyobservatory.org/select.php;1113;;Coal;Natural Gas; 
Maasvlakte 1-2 Coal Power Plant Netherlands;GEO_44521;{K};Holland;51.9588;4.026;1;1975;;http://globalenergyobservatory.org/select.php;1080;;Coal;Natural Gas; 
Enecogen CCGT Power Plant Netherlands;GEO_44502;{K};Holland;51.957;4.0916;1;2011;;http://globalenergyobservatory.org/select.php;870;;Natural Gas;; 
Sloe CCGT CHP Power Plant Netherland;GEO_44496;{K};Holland;51.4481;3.6926;1;2009;;http://globalenergyobservatory.org/select.php;870;;Natural Gas;; 
Flevo Maxima Centrale CCGT Power Plant Netherlands;GEO_44501;{K};Holland;52.5772;5.53;1;2010;;http://globalenergyobservatory.org/select.php;860;;Natural Gas;; 
Velsen Power Plant Netherlands;GEO_44532;{K};Holland;52.4723;4.6331;1;1974;;http://globalenergyobservatory.org/select.php;820;;Blast Furnace Gas (Dowson Gas);Natural Gas; 
Rijnmond CCGT power plant Netherland;GEO_44497;{K};Holland;51.8902;4.3552;1;2004;;http://globalenergyobservatory.org/select.php;790;;Natural Gas;; 
Claus A power Plant Netherlands;GEO_44533;{K};Holland;51.1542;5.907;1;1977;;http://globalenergyobservatory.org/select.php;640;;Natural Gas;; 
Elsta CCGT Power Plant Netherlands;GEO_44511;{K};Holland;51.3331;3.7787;1;1998;;http://globalenergyobservatory.org/select.php;460;;Natural Gas;; 
Diemen-34 CCGT CHP Power Plant Netherlands;GEO_44500;{K};Holland;52.3384;5.0218;1;2013;;http://globalenergyobservatory.org/select.php;435;260;Natural Gas;; 
Hemweg 9 CCGT CHP Power Plant Netherlands;GEO_44505;{K};Holland;52.4063;4.8418;1;2012;;http://globalenergyobservatory.org/select.php;435;;Natural Gas;; 
Moerdijk-2 CCGT Power Plant Netherlands;GEO_44514;{K};Holland;51.6861;4.580278;1;2012;;http://globalenergyobservatory.org/select.php;430;;Natural Gas;; 
Maasstroom CCGT Power Plant Netherlands;GEO_44512;{K};Holland;51.8901;4.352;1;2010;;http://globalenergyobservatory.org/select.php;428;;Natural Gas;; 
Merwedekanaal CHP Power Plant Netherlands;GEO_44504;{K};Holland;52.1017;5.0794;1;1978;;http://globalenergyobservatory.org/select.php;425;390;Natural Gas;; 
Delesto-2 CCGT Power Plant Netherlands;GEO_41986;{K};Holland;53.3185;6.9544;1;1999;;http://globalenergyobservatory.org/select.php;360;;Natural Gas;; 
Harculo HC60 (IJssel Centrale) Power Plant Netherlands;GEO_44531;{K};Holland;52.468;6.1088;1;1982;;http://globalenergyobservatory.org/select.php;350;;Natural Gas;Fuel Oil; 
Moerdijk-1 CHP Power Plant Netherlands;GEO_44515;{K};Holland;51.6849;4.5805;1;1997;;http://globalenergyobservatory.org/select.php;339;;Natural Gas;; 
Diemen-33 CCGT CHP Power Plant Netherlands;GEO_44499;{K};Holland;52.3389;5.0213;1;1995;;http://globalenergyobservatory.org/select.php;266;180;Natural Gas;; 
Langeweide CHP Power Plant Netherlands;GEO_44503;{K};Holland;52.1026;5.0713;1;1976;;http://globalenergyobservatory.org/select.php;266;180;Natural Gas;; 
Swentibold CHP Power Plant Netherlands;GEO_44516;{K};Holland;50.9721;5.7911;1;1999;;http://globalenergyobservatory.org/select.php;231;;Natural Gas;Furnace Gas; 
Gallileistraat CHP Power Plant Netherlands;GEO_44528;{K};Holland;51.9107;4.4269;1;1988;;http://globalenergyobservatory.org/select.php;230;;Natural Gas;; 
RoCA3 CHP Power Plant Netherlands;GEO_44529;{K};Holland;51.9536;4.5614;1;1996;;http://globalenergyobservatory.org/select.php;218;;Natural Gas;; 
Delesto-1 CCGT Power Plant Netherlands;GEO_45078;{K};Holland;53.3187;6.9542;1;1987;;http://globalenergyobservatory.org/select.php;165;;Natural Gas;; 
IJmond CHP Power Plant Netherlands;GEO_44537;{K};Holland;52.4758;4.6048;1;1997;;http://globalenergyobservatory.org/select.php;144;105;blast furnace gas (BFG);Natural Gas; 
Almere CHP Power Plant Netherlands;GEO_44530;{K};Holland;52.3883;5.2158;1;1987;;http://globalenergyobservatory.org/select.php;128;;Natural Gas;; 
Den Hague Repower CHP Power Plant Netherlands;GEO_44498;{K};Holland;52.076;4.2905;1;2008;;http://globalenergyobservatory.org/select.php;120;;Natural Gas;; 
Leiden 12 CHP Gas Power Plant Netherlands;GEO_45076;{K};Holland;52.1641;4.4941;1;1982;;http://globalenergyobservatory.org/select.php;82;;Natural Gas;; 
Shell Pernis Power Plant Netherlands;GEO_44538;{K};Holland;51.881;4.3376;1;1978;;http://globalenergyobservatory.org/select.php;82;;Natural Gas;; 
Maasvlakte UCML CHP Power Plant Netherlands;GEO_44527;{K};Holland;51.96;4.0254;1;2003;;http://globalenergyobservatory.org/select.php;80;;Natural Gas;Furnace Gas; 
Purmerend CHP Power Plant Netherlands;GEO_44536;{K};Holland;52.5161;4.9954;1;1988;;http://globalenergyobservatory.org/select.php;69;64;Natural Gas;; 
Aghada CCGT Power Plant Ireland;GEO_43925;{K};Irland;51.834686;-8.236192;1;1980;;http://globalenergyobservatory.org/select.php;963;;Natural Gas;Light Fuel Oil/Diesel; 
Huntstown CCGT Power Plant Ireland;GEO_43933;{K};Irland;53.4119;-6.3261;1;2002;;http://globalenergyobservatory.org/select.php;747;;Natural Gas;Light Fuel Oil/Diesel; 
Poolbeg Thermal Power Plant Ireland (Shutdown);GEO_43942;{K};Irland;53.3396;-6.1895;1;1971;2010;http://globalenergyobservatory.org/select.php;511;;Natural Gas;Fuel Oil; 
Poolbeg CCGT Power Plant Ireland;GEO_43924;{K};Irland;53.3396;-6.1867;1;1994;;http://globalenergyobservatory.org/select.php;470;;Natural Gas;Fuel Oil; 
Whitegate  CCGT Power Plant Ireland;GEO_43928;{K};Irland;51.8161;-8.2511;1;2010;;http://globalenergyobservatory.org/select.php;435;;Natural Gas;; 
Dublin Bay (Ringsend)  CCGT Power Plant Ireland;GEO_43926;{K};Irland;53.34;-6.2049;1;2002;;http://globalenergyobservatory.org/select.php;408;;Natural Gas;Light Fuel Oil/Diesel; 
Tynagh CCGT Power Plant Ireland;GEO_43934;{K};Irland;53.1658;-8.381;1;2006;;http://globalenergyobservatory.org/select.php;404;;Natural Gas;Light Fuel Oil/Diesel; 
North Wall  CCGT Power Plant Ireland;GEO_43927;{K};Irland;53.3502;-6.2111;1;1982;;http://globalenergyobservatory.org/select.php;262;;Natural Gas;Light Fuel Oil/Diesel; 
Sealrock (Aughinish Alumina) OCGT Power Plant Ireland;GEO_43944;{K};Irland;52.6324;-9.0596;1;2005;;http://globalenergyobservatory.org/select.php;161;;Fuel Oil Heavy;Natural Gas; 
Marina OCGT Power Plant Ireland;GEO_43930;{K};Irland;51.9;-8.4458;1;1979;;http://globalenergyobservatory.org/select.php;96;;Natural Gas;Light Fuel Oil/Diesel; 
Montalto di Castro (Alessandro Volta) CCGT Power Plant;GEO_43996;{K};Italien;42.3572;11.5373;1;1997;;http://globalenergyobservatory.org/select.php;3600;;Natural Gas;Fuel Oil; 
ENEL Rossano Thermal Power Plant Italy;GEO_44001;{K};Italien;39.6218;16.6084;1;1976;;http://globalenergyobservatory.org/select.php;1976;;Natural Gas;Heavy Fuel Oil; 
Edipower Turbigo Thermal and CCGT Power Plant Italy;GEO_43685;{K};Italien;45.5201;8.7422;1;1967;;http://globalenergyobservatory.org/select.php;1770;;Natural Gas;Fuel Oil; 
E.ON Tavazzano CCGT Power Plant Italy;GEO_43695;{K};Italien;45.3325;9.4364;1;2005;;http://globalenergyobservatory.org/select.php;1740;;Natural Gas;Fuel Oil; 
TirrenoPower Torrevaldaliga South Thermal Power Plant Italy;GEO_43713;{K};Italien;42.1241;11.7624;1;1973;;http://globalenergyobservatory.org/select.php;1520;;Natural Gas;Fuel Oil; 
ENEL La Casella Power Plant Italy;GEO_43771;{K};Italien;45.0904;9.4805;1;2002;;http://globalenergyobservatory.org/select.php;1504;;Natural Gas;; 
E.ON Ostiglia CCGT Power Plant Italy;GEO_43694;{K};Italien;45.0603;11.1374;1;2003;;http://globalenergyobservatory.org/select.php;1482;;Natural Gas;Fuel Oil; 
ENIPOWER SPA  Brindisi CCGT Power Plant Italy;GEO_43980;{K};Italien;40.6293;18.0033;1;2005;;http://globalenergyobservatory.org/select.php;1321;;Natural Gas;; 
ENEL La Spezia (Eugenio Montale) CCGT and Thermal Power Plant Italy;GEO_43724;{K};Italien;44.1116;9.8743;1;1999;;http://globalenergyobservatory.org/select.php;1280;;Natural Gas;Coal; 
Eni Brindisi CCGT Power Plant Italy;GEO_43701;{K};Italien;40.6293;18.0031;1;2005;;http://globalenergyobservatory.org/select.php;1185;;Natural Gas;; 
Edipower Chivasso CCGT Power Plant Italy;GEO_43682;{K};Italien;45.1856;7.9016;1;2004;;http://globalenergyobservatory.org/select.php;1179;;Natural Gas;; 
Edipower Sermide CCGT Power Plant Italy;GEO_43686;{K};Italien;45.02652;11.2522;1;2004;;http://globalenergyobservatory.org/select.php;1140;;Natural Gas;Fuel Oil; 
Eni Ferrera Erbognone CCGT Power Plant Italy;GEO_43700;{K};Italien;45.0998;8.8668;1;2004;;http://globalenergyobservatory.org/select.php;1030;;Natural Gas;; 
Eni Ravenna CCGT Power Plant Italy;GEO_43702;{K};Italien;44.4487;12.2382;1;2004;;http://globalenergyobservatory.org/select.php;972;;Natural Gas;; 
ENEL Andrea Palladio-Fusina Thermal Power Plant Italy;GEO_3079;{K};Italien;45.4314;12.2468;1;1970;;http://globalenergyobservatory.org/select.php;960;;Coal. Heavy Fuel Oil;Natural Gas; 
Edison Simeri Crichi CCGT Power Plant Italy;GEO_43979;{K};Italien;38.8759;16.6569;1;2008;;http://globalenergyobservatory.org/select.php;857;;Natural Gas;; 
Edipower Piacenza CCGT Power Plant Italy;GEO_43692;{K};Italien;45.0543;9.70856;1;2006;;http://globalenergyobservatory.org/select.php;855;;Natural Gas;Fuel Oil; 
A2A Gissi CCGT Power Plant Italy;GEO_43708;{K};Italien;42.0502;14.5639;1;2008;;http://globalenergyobservatory.org/select.php;840;;Natural Gas;; 
FE Ferrara CCGT Power Plant Italy;GEO_43699;{K};Italien;44.864;11.5947;1;2004;;http://globalenergyobservatory.org/select.php;840;;Natural Gas;; 
Scandale CCGT Power Plant Italy;GEO_43696;{K};Italien;39.1022;17.0325;1;2010;;http://globalenergyobservatory.org/select.php;814;;Natural Gas;Fuel Oil; 
E.ON Livorno Ferraris CCGT Power Plant Italy;GEO_43684;{K};Italien;45.23723;8.1932;1;2008;;http://globalenergyobservatory.org/select.php;800;;Natural Gas;; 
Sorgenia Aprilia CCGT Power Plant Italy;GEO_43990;{K};Italien;41.5616;12.6337;1;2012;;http://globalenergyobservatory.org/select.php;800;;Natural Gas;; 
Sorgenia Bertonico-Turano Lodigiano CCGT Power Plant Italy;GEO_43994;{K};Italien;45.2268;9.6377;1;2011;;http://globalenergyobservatory.org/select.php;800;;Natural Gas;; 
TirrenoPower Vado Ligure CCGT Power Plant Italy;GEO_42714;{K};Italien;44.2755;8.4305;1;2007;;http://globalenergyobservatory.org/select.php;800;;Natural Gas;; 
Edison Torviscosa CCGT Power Plant Italy;GEO_43978;{K};Italien;45.817;13.2891;1;2006;;http://globalenergyobservatory.org/select.php;785;;Natural Gas;; 
Eni Mantova CCGT Power Plant Italy;GEO_43703;{K};Italien;45.1492;10.835;1;2005;;http://globalenergyobservatory.org/select.php;780;;Natural Gas;; 
IRIDE Moncalieri CCGT Power Plant Italy;GEO_44003;{K};Italien;44.993;7.6755;1;2009;;http://globalenergyobservatory.org/select.php;778;;Natural Gas;; 
Edison Marghera Levante CCGT Power Plant Italy;GEO_43986;{K};Italien;45.4458;12.2552;1;1964;;http://globalenergyobservatory.org/select.php;766;;Natural Gas;; 
Sorgenia Termoli CCGT Power Plant Italy;GEO_43991;{K};Italien;41.9372;15.001;1;2006;;http://globalenergyobservatory.org/select.php;765;;Natural Gas;; 
Rizziconi CCGT Power Plant Italy;GEO_43698;{K};Italien;38.4453;15.99;1;2008;;http://globalenergyobservatory.org/select.php;760;;Natural Gas;; 
Sorgenia Modugno CCGT Power Plant Italy;GEO_43993;{K};Italien;41.1025;16.756;1;2010;;http://globalenergyobservatory.org/select.php;760;;Natural Gas;; 
Sparanise CCGT Power Plant Italy;GEO_43697;{K};Italien;41.1783;14.1129;1;2007;;http://globalenergyobservatory.org/select.php;760;;Natural Gas;; 
Edison Altomonte CCGT Power Plant Italy;GEO_43985;{K};Italien;39.7118;16.215;1;2006;;http://globalenergyobservatory.org/select.php;757;;Natural Gas;; 
ENEL Porto Corsini (Teodora)  CCGT Power Plant Italy;GEO_43997;{K};Italien;44.4836;12.2652;1;2002;;http://globalenergyobservatory.org/select.php;750;;Natural Gas;; 
ENEL Priolo Gargallo (Archimede)  CCGT Power Plant Italy;GEO_43998;{K};Italien;37.14;15.2159;1;2002;;http://globalenergyobservatory.org/select.php;750;;Natural Gas;Heavy Fuel Oil; 
ENEL Galileo Ferraris (Trino) CCGT Power Plant Italy;GEO_44002;{K};Italien;45.2521;8.1938;1;1996;;http://globalenergyobservatory.org/select.php;746;;;; 
ENEL Pietrafitta CCGT Power Plant Italy;GEO_44009;{K};Italien;42.9954;12.1995;1;2003;;http://globalenergyobservatory.org/select.php;528;;Natural Gas;; 
A2A Del Mincio CCGT Power Plant Italy;GEO_43709;{K};Italien;45.3993;10.7142;1;1966;2004;http://globalenergyobservatory.org/select.php;400;;Natural Gas;; 
San Severo CCGT Power Plant Italy;GEO_45399;{K};Italien;41.627;15.423866;1;2011;;http://globalenergyobservatory.org/select.php;400;;Natural gas;; 
TirrenoPower Napoli Levante CCGT Power Plant Italy;GEO_43712;{K};Italien;40.8339;14.3006;1;2008;;http://globalenergyobservatory.org/select.php;400;;Natural Gas;; 
Santa  Barbara CCGT Power Plant Italy;GEO_43999;{K};Italien;43.565;11.4777;1;2006;;http://globalenergyobservatory.org/select.php;390;;Natural Gas;; 
Rosignano CCGT Power Plant Italy;GEO_45405;{K};Italien;43.38178;10.44818;1;2007;;http://globalenergyobservatory.org/select.php;388;;Natural Gas;; 
Leini CCGT Power Plant Italy;GEO_45404;{K};Italien;45.163;7.75047;1;2007;;http://globalenergyobservatory.org/select.php;385;170;Natural Gas;; 
Edison Candela CCGT Power Plant Italy;GEO_43983;{K};Italien;41.2014;15.4762;1;2005;;http://globalenergyobservatory.org/select.php;360;;Natural Gas;; 
Edison Sarmato CCGT Power Plant Italy;GEO_44018;{K};Italien;45.0522;9.5072;1;1998;;http://globalenergyobservatory.org/select.php;180;;Natural Gas;; 
FWI Ferrara CCGT Power Plant Italy;GEO_43988;{K};Italien;44.8606;11.587;1;1993;;http://globalenergyobservatory.org/select.php;150;;Natural Gas;; 
FWI Teverola CCGT Power Plant Italy;GEO_43989;{K};Italien;41.0092;14.2281;1;1997;;http://globalenergyobservatory.org/select.php;150;;Natural Gas;; 
Edison Bussi sul Tirino CCGT Power Plant Italy;GEO_44020;{K};Italien;42.2002;13.8398;1;1995;;http://globalenergyobservatory.org/select.php;133;;Natural Gas;; 
Edison San Quirco CCGT Power Plant Italy;GEO_44032;{K};Italien;44.9289;10.3055;1;1996;;http://globalenergyobservatory.org/select.php;133;;Natural Gas;; 
Edison Jesi CCGT Power Plant Italy;GEO_44019;{K};Italien;43.5537;13.285;1;2001;;http://globalenergyobservatory.org/select.php;125;;Natural Gas;; 
Edison Verzuolo-Gever CCGT Power Plant Italy;GEO_44021;{K};Italien;44.5947;7.4858;1;2002;;http://globalenergyobservatory.org/select.php;120;;Natural Gas;; 
Novel CCGT Power Plant Italy;GEO_45451;{K};Italien;45.457;8.6496;1;2004;;http://globalenergyobservatory.org/select.php;104;46;Natural Gas;; 
Acerra Power Plant Italy;GEO_44102;{K};Italien;40.9319;14.385;1;;;http://globalenergyobservatory.org/select.php;100;;;; 
BG Cassino CCGT Power Plant Italy;GEO_44005;{K};Italien;41.476;13.752;1;1997;;http://globalenergyobservatory.org/select.php;100;;Natural Gas;; 
BG Melfi CCGT Power Plant Italy;GEO_44006;{K};Italien;41.0664;15.7119;1;1997;;http://globalenergyobservatory.org/select.php;100;;Natural Gas;; 
BG Termoli CCGT Power Plant Italy;GEO_44007;{K};Italien;41.9567;14.9963;1;1997;;http://globalenergyobservatory.org/select.php;100;;Natural Gas;; 
Edison Porcari CCGT Power Plant Italy;GEO_44033;{K};Italien;43.8235;10.6023;1;1996;;http://globalenergyobservatory.org/select.php;100;;Natural Gas;; 
Edison Terni CCGT Power Plant Italy;GEO_44034;{K};Italien;42.554;12.6176;1;2000;;http://globalenergyobservatory.org/select.php;100;;Natural Gas;; 
BG Rivalta CCGT Power Plant Italy;GEO_44004;{K};Italien;44.994;7.5069;1;1997;;http://globalenergyobservatory.org/select.php;50;;Natural Gas;; 
Vercelli CHP CCGT Power Plant Italy;GEO_45449;{K};Italien;45.29652;8.41025;1;2004;;http://globalenergyobservatory.org/select.php;50;35;Natural Gas;; 
Tor di Valle CCGT Power Plant Italy;GEO_46112;{K};Italien;41.810449;12.421213;1;1997;;http://globalenergyobservatory.org/select.php;;260;Natural Gas;; 
Voghera CCGT Power Plant Italy;GEO_45406;{K};Italien;45.0296;8.9723;1;2005;;http://globalenergyobservatory.org/select.php;;;Natural Gas;; 
Zagreb Te-To CHP Power Plant Croatia;GEO_44823;{K};Kroatien;45.7816;16.0169;1;1979;;http://globalenergyobservatory.org/select.php;328;740;Natural Gas;Light Fuel Oil/Diesel; 
Osijek TE-TO CHP Power Plant Croatia;GEO_44826;{K};Kroatien;45.542;18.7449;1;1976;;http://globalenergyobservatory.org/select.php;89;139;Natural Gas;Fuel Oil; 
Zagreb El-To CHP Power Plant Croatia;GEO_44824;{K};Kroatien;45.8069;15.9498;1;1970;;http://globalenergyobservatory.org/select.php;86.8;439;Natural Gas;Fuel Oil; 
Jertovec CCGT Power Plant Croatia;GEO_44825;{K};Kroatien;46.0386;16.1814;1;1975;;http://globalenergyobservatory.org/select.php;78;;Natural Gas;Light Fuel Oil/Diesel; 
Riga TEC-2 CCGT Power Plant Latvia;GEO_42160;{K};Lettland;56.918;24.2766;1;1975;;http://globalenergyobservatory.org/select.php;662;1347;Natural Gas;Fuel Oil; 
Riga TEC-1 CCGT Power Plant Latvia;GEO_42159;{K};Lettland;56.9904;24.1788;1;2005;;http://globalenergyobservatory.org/select.php;144;377;Natural Gas;Fuel Oil; 
Elektrenai (Lithuania) Thermal Power Plant Lithuania;GEO_42163;{K};Litauen;54.7701;24.6474;1;1962;;http://globalenergyobservatory.org/select.php;1800;;Natural Gas;Heavy Fuel Oil; 
Vilnius TE-3 CHP Power Plant Lithuania;GEO_42166;{K};Litauen;54.6676;25.156;1;1984;;http://globalenergyobservatory.org/select.php;360;604;Natural Gas;Heavy Fuel Oil; 
Kaunas CHP Power Plant Lithuania;GEO_42165;{K};Litauen;54.9212;24.018;1;1975;;http://globalenergyobservatory.org/select.php;170;673;Natural Gas;Heavy Fuel Oil; 
Mazheikiai CHP Power Plant Lithuania;GEO_42167;{K};Litauen;56.38425;22.1841;1;1979;;http://globalenergyobservatory.org/select.php;160;;Natural Gas;Heavy Fuel Oil; 
Esch-sur-Alzette CCGT Power Plant Luxembourg;GEO_45217;{K};Luxembourg;49.5119;5.9646;1;2002;;http://globalenergyobservatory.org/select.php;385;;Natural Gas;; 
Mellach CCGT Power Plant Austria;GEO_45146;{K};Oesterreich;46.90859;15.49214;1;2012;;http://globalenergyobservatory.org/select.php;838;400;Natural Gas;; 
Duernrohr CHP Power Plant Austria;GEO_45151;{K};Oesterreich;48.3264;15.9246;1;1985;;http://globalenergyobservatory.org/select.php;757;;Coal;Natural Gas; 
Simmering CCGT Power Plant Austria;GEO_45176;{K};Oesterreich;48.1814;16.4339;1;2009;;http://globalenergyobservatory.org/select.php;700;450;Natural Gas;Fuel Oil; 
Donaustadt 1-3 Power Plant Austria;GEO_45178;{K};Oesterreich;48.19917;16.4633;1;1973;;http://globalenergyobservatory.org/select.php;529;250;Natural Gas;Fuel Oil; 
Korneuburg Thermal Power Plant Austria;GEO_45713;{K};Oesterreich;48.3317;16.33925;1;1959;;http://globalenergyobservatory.org/select.php;439;;Natural Gas;Heavy Fuel Oil; 
Timelkam CCGT CHP Power Plant Austria;GEO_45177;{K};Oesterreich;48.0122;13.5895;1;2008;;http://globalenergyobservatory.org/select.php;405;100;Natural Gas;; 
Leopoldau CHP Power Plant Austria;GEO_45181;{K};Oesterreich;48.2767;16.4339;1;1975;;http://globalenergyobservatory.org/select.php;155;;Natural Gas;Fuel Oil; 
Salzburg Mitte CHP Power Plant Austria;GEO_45179;{K};Oesterreich;47.8092;13.038;1;2001;;http://globalenergyobservatory.org/select.php;83.7;127;Natural Gas;Fuel Oil; 
Salzburg North CHP Power Plant Austria;GEO_45180;{K};Oesterreich;47.8274;13.0336;1;1993;;http://globalenergyobservatory.org/select.php;13.5;49.5;Natural Gas;Fuel Oil; 
Zielona Gora CCGT Power Plant Poland;GEO_42486;{K};Polen;51.9513;15.488;1;2004;;http://globalenergyobservatory.org/select.php;198;;Natural Gas;; 
Gorzow CHP Power Plant Poland;GEO_42499;{K};Polen;52.7496;15.2687;1;1999;;http://globalenergyobservatory.org/select.php;97.5;270;Natural Gas;Coal; 
Ribatejo CCGT Power Plant Portugal;GEO_43559;{K};Portugal;39.0116;-8.9519;1;2004;;http://globalenergyobservatory.org/select.php;1176;;Natural Gas;; 
Tapada de Outerio CCGT Power Plant Portugal;GEO_43561;{K};Portugal;41.0698;-8.4595;1;1998;;http://globalenergyobservatory.org/select.php;990;;Natural Gas;; 
Lares CCGT Power Plant Portugal;GEO_43562;{K};Portugal;40.1247;-8.7751;1;2009;;http://globalenergyobservatory.org/select.php;862;;Natural Gas;; 
ElecGas Pego CCGT Power Plant Portugal;GEO_43564;{K};Portugal;39.4688;-8.1115;1;2011;;http://globalenergyobservatory.org/select.php;830;;Natural Gas;; 
Tunes OCGT Power Plant Portugal;GEO_43563;{K};Portugal;37.1642;-8.2647;1;1973;;http://globalenergyobservatory.org/select.php;197;;Natural Gas;Fuel Oil; 
Sines Cogen OCGT Power Plant Portugal;GEO_43579;{K};Portugal;37.9583;-8.8048;1;2009;;http://globalenergyobservatory.org/select.php;82;;Natural Gas;; 
Rovinari Coal Power Station Romania;GEO_40968;{K};Rumaenien;44.9068;23.1383;1;1972;;http://globalenergyobservatory.org/select.php;1320;;Lignite;Natural Gas; 
Mintia-Deva Power Station Romania;GEO_40969;{K};Rumaenien;45.9134;22.8254;1;1970;;http://globalenergyobservatory.org/select.php;1285;;Sub-bituminous;Natural Gas; 
Petrom Brazi CCGT Power Plant Romania;GEO_42206;{K};Rumaenien;44.8802;25.9988;1;2011;;http://globalenergyobservatory.org/select.php;860;;Natural Gas;; 
Iernut-Ludus (Mures) Power Station Romania;GEO_40973;{K};Rumaenien;46.4677;24.1833;1;1963;;http://globalenergyobservatory.org/select.php;800;;Natural Gas;; 
Isalnita Coal Power Plant Romania;GEO_40970;{K};Rumaenien;44.3886;23.718;1;;;http://globalenergyobservatory.org/select.php;630;;Lignite;Natural Gas; 
Craiova II Coal Power Station Romania;GEO_40971;{K};Rumaenien;44.345;23.8156;1;1987;;http://globalenergyobservatory.org/select.php;300;;Lignite;Natural Gas; 
CET Bucharest-Progresu CHPP Power Plant Romania;GEO_41136;{K};Rumaenien;44.372;26.1073;1;1987;;http://globalenergyobservatory.org/select.php;200;;Natural Gas;Fuel Oil; 
CET Govora Coal CHPP Romania;GEO_41143;{K};Rumaenien;45.04;24.29;1;1975;;http://globalenergyobservatory.org/select.php;200;;Lignite;Natural Gas; 
CET Bacau CHPP Romania;GEO_41141;{K};Rumaenien;46.531;26.938;1;1998;;http://globalenergyobservatory.org/select.php;74.25;;Lignite;Natural Gas; 
Nya Öresundsverket CHP CCGT Power Plant Sweden;GEO_44338;{K};Schweden;55.6261;13.04045;1;2009;;http://globalenergyobservatory.org/select.php;440;250;Natural Gas;Light Fuel Oil/Diesel; 
Rya CHP CCGT Power Plant Sweden;GEO_42884;{K};Schweden;57.6924;11.8905;1;2006;;http://globalenergyobservatory.org/select.php;261;;Natural Gas;; 
Alstom Test Center Birr GT Power Plant Switzerland;GEO_45622;{K};Schweit;47.4336;8.2176;1;2001;;http://globalenergyobservatory.org/select.php;315;;Natural Gas;; 
Vojany (EVO) Thermal Power Plant Slovakia;GEO_42632;{K};Slovakei;48.5536;21.97817;1;1965;;http://globalenergyobservatory.org/select.php;880;;Coal Anthracite;Natural Gas; 
Malzenice CCGT Power Plant Slovakia;GEO_42638;{K};Slovakei;48.4296;17.6978;1;2010;;http://globalenergyobservatory.org/select.php;430;;Natural Gas;; 
PPC Bratislava CCGT CHP Power Plant Slovakia;GEO_42640;{K};Slovakei;48.1775;17.1548;1;1998;;http://globalenergyobservatory.org/select.php;218;;Natural Gas;; 
Levice CCGT CHP Power Plant Slovakia;GEO_42639;{K};Slovakei;48.2022;18.597;1;2007;;http://globalenergyobservatory.org/select.php;80;32;Natural Gas;; 
Arcos de la Frontera CCGT Power Plant Spain;GEO_43795;{K};Spanien;36.6721;-5.8164;1;2005;;http://globalenergyobservatory.org/select.php;1600;;Natural Gas;; 
Sagunto CCGT Power Plant Spain;GEO_43374;{K};Spanien;39.6426;-0.2344;1;2007;;http://globalenergyobservatory.org/select.php;1212.6;;Natural Gas;; 
Cartagena (Escombreras GN) CCGT Power Plant Spain;GEO_43777;{K};Spanien;37.5732;-0.9392;1;2006;;http://globalenergyobservatory.org/select.php;1200;;Natural Gas;; 
Cartegana (El Fangal) CCGT Power Plant Spain;GEO_43778;{K};Spanien;37.5709;-0.9458;1;2006;;http://globalenergyobservatory.org/select.php;1200;;Natural Gas;; 
Palos de la Frontera CCGT Power Plant Spain;GEO_43799;{K};Spanien;37.1843;-6.8857;1;2004;;http://globalenergyobservatory.org/select.php;1200;;Natural Gas;Fuel Oil; 
Soto de Ribera CCGT Power Plant Spain;GEO_43675;{K};Spanien;43.3161;-5.8777;1;2008;;http://globalenergyobservatory.org/select.php;865.5;;Natural Gas;Light Fuel Oil/Diesel; 
Besos-5 CCGT Power Plant Spain;GEO_43818;{K};Spanien;41.41958;2.2294;1;2011;;http://globalenergyobservatory.org/select.php;859;;Natural Gas;; 
Castejon HCE CCGT Power Plant Spain;GEO_43676;{K};Spanien;42.1773;-1.6943;1;2002;;http://globalenergyobservatory.org/select.php;855.3;;Natural Gas;; 
Castellon 4 CCGT Power Plant Spain;GEO_43783;{K};Spanien;39.95925;-0.00098;1;2008;;http://globalenergyobservatory.org/select.php;854;;Natural Gas;; 
As Pontes (Puentes Garcia Rodrigues) CCGT Power Plant Spain;GEO_43803;{K};Spanien;43.4451;-7.8621;1;2008;;http://globalenergyobservatory.org/select.php;850;;Natural Gas;; 
Puerto de Barcelona CCGT Power Plant Spain;GEO_43761;{K};Spanien;41.3366;2.1594;1;2011;;http://globalenergyobservatory.org/select.php;850;;Natural Gas;; 
Escombreras Iberdrola CCGT Power Plant Spain;GEO_43776;{K};Spanien;37.5653;-0.9514;1;2006;;http://globalenergyobservatory.org/select.php;840;;Natural Gas;Fuel Oil; 
E.ON Escatron CCGT Power Plant Spain;GEO_43766;{K};Spanien;41.2977;-0.3376;1;2007;;http://globalenergyobservatory.org/select.php;804;;Natural Gas;; 
Arrubal CCGT Power Plant Spain;GEO_43801;{K};Spanien;42.4194;-2.2511;1;2005;;http://globalenergyobservatory.org/select.php;800;;Natural Gas;Gas Oil; 
Bahia de Algeciras CCGT Power Plant Spain;GEO_43798;{K};Spanien;36.1829;-5.3905;1;2011;;http://globalenergyobservatory.org/select.php;800;;Natural Gas;Fuel Oil; 
Bahia de Bizkaia (BBE) CCGT Power Plant Spain;GEO_43768;{K};Spanien;43.3592;-3.093;1;2003;;http://globalenergyobservatory.org/select.php;800;;Natural Gas;Light Fuel Oil/Diesel; 
Campo de Gibraltar CCGT Power Plant Spain;GEO_43796;{K};Spanien;36.1834;-5.3933;1;2004;;http://globalenergyobservatory.org/select.php;800;;Natural Gas;; 
Plana Del Vent CCGT Power Plant Italy;GEO_43763;{K};Spanien;40.9596;0.8692;1;2007;;http://globalenergyobservatory.org/select.php;800;;Natural Gas;Light Fuel Oil/Diesel; 
Castellon 3 CCGT Power Plant Spain;GEO_43784;{K};Spanien;39.9557;0.0017;1;2002;;http://globalenergyobservatory.org/select.php;795;;Natural Gas;; 
Castelnou CCGT Power Plant Spain;GEO_43802;{K};Spanien;41.2167;-0.2928;1;2006;;http://globalenergyobservatory.org/select.php;760;;Natural Gas;; 
Amorebieta (Boroa) CCGT Power Plant Spain;GEO_43767;{K};Spanien;43.234722;-2.749722;1;2005;;http://globalenergyobservatory.org/select.php;755;;Natural Gas;; 
Son Reus CCGT Power Plant Spain;GEO_43817;{K};Spanien;39.6484;2.6811;1;2000;;http://globalenergyobservatory.org/select.php;601.5;;Natural Gas;Light Fuel Oil/Diesel; 
Meirama Coal Power Plant Spain;GEO_43830;{K};Spanien;43.1685;-8.4111;1;1980;;http://globalenergyobservatory.org/select.php;563;;Coal bituminous and lignite;Natural Gas; 
Cas Tresorer CCGT Power Plant Spain;GEO_43816;{K};Spanien;39.5672;2.6895;1;2006;;http://globalenergyobservatory.org/select.php;460;;Natural Gas;Light Fuel Oil/Diesel; 
Tarragona Power CCGT Power Plant Spain;GEO_43764;{K};Spanien;41.1096;1.1817;1;2004;;http://globalenergyobservatory.org/select.php;424;;Natural Gas;; 
Besos-3 (Sant Adria)  CCGT Power Plant Spain;GEO_43770;{K};Spanien;41.4181;2.2286;1;2002;;http://globalenergyobservatory.org/select.php;412;;Natural Gas;; 
E.ON Tarragona CCGT Power Plant Spain;GEO_43762;{K};Spanien;41.1081;1.1912;1;2003;;http://globalenergyobservatory.org/select.php;410;;Natural Gas;; 
Besos-4 (Sant Adria)  CCGT Power Plant Spain;GEO_43841;{K};Spanien;41.4187;2.2286;1;2002;;http://globalenergyobservatory.org/select.php;407;;Natural Gas;; 
San Roque-2 (Endesa) CCGT Power Plant Spain;GEO_43843;{K};Spanien;36.1955;-5.4131;1;2002;;http://globalenergyobservatory.org/select.php;402;;Natural Gas;Fuel Oil; 
Aceca-3 Iberdrola CCGT Power Plant Spain;GEO_43789;{K};Spanien;39.9442;-3.8558;1;2005;;http://globalenergyobservatory.org/select.php;400;;Natural Gas;; 
Aceca-4 Fenosa CCGT Power Plant Spain;GEO_43788;{K};Spanien;39.9427;-3.8548;1;2006;;http://globalenergyobservatory.org/select.php;400;;Natural Gas;Fuel Oil; 
Castejon-2 Iberdrola CCGT Power Plant Spain;GEO_43800;{K};Spanien;42.1718;-1.6773;1;2003;;http://globalenergyobservatory.org/select.php;400;;Natural Gas;Light Fuel Oil/Diesel; 
Cristobal Colon CCGT Power Plant Spain;GEO_43797;{K};Spanien;37.2156;-6.943;1;2006;;http://globalenergyobservatory.org/select.php;400;;Natural Gas;Fuel Oil; 
Malaga (Campanillas) CCGT Power Plant Spain;GEO_43794;{K};Spanien;36.7495;-4.5631;1;2011;;http://globalenergyobservatory.org/select.php;400;;Natural Gas;; 
Sabon CCGT Power Plant Spain;GEO_43380;{K};Spanien;43.329;-8.503;1;2008;;http://globalenergyobservatory.org/select.php;400;;Natural Gas;; 
San Roque-1 (GasNatural)  CCGT Power Plant Spain;GEO_43759;{K};Spanien;36.1955;-5.4131;1;2002;;http://globalenergyobservatory.org/select.php;400;;Natural Gas;Fuel Oil; 
Santurtzi (Santurce) CCGT Power Plant Spain;GEO_43769;{K};Spanien;43.34;-3.05394;1;2005;;http://globalenergyobservatory.org/select.php;400;;Natural Gas;; 
Puertollano IGCC Power Plant Spain;GEO_43786;{K};Spanien;38.6478;-4.1214;1;1996;;http://globalenergyobservatory.org/select.php;335;;Coal;Natural Gas; 
Escatron Peaker CCGT Power Plant Spain;GEO_43819;{K};Spanien;41.2976;-0.3395;1;2007;;http://globalenergyobservatory.org/select.php;285;;Natural Gas;; 
TEXT;TEXT;TEXT;TEXT;REAL;REAL;REAL;REAL;REAL;TEXT;REAL;REAL;TEXT;TEXT; 
Detmarovice Coal Power Plant Czech;GEO_42198;{K};Tschechien;49.9058;18.4681;1;1975;;http://globalenergyobservatory.org/select.php;800;120;Coal;Natural Gas; 
Kladno CHP Thermal Power Plant Czech;GEO_42323;{K};Tschechien;50.15318;14.12898;1;2000;2014;http://globalenergyobservatory.org/select.php;516;272;Coal;Natural Gas; 
Vresova CCGT Power Plant Czech Republic;GEO_42326;{K};Tschechien;50.25764;12.6932;1;1995;;http://globalenergyobservatory.org/select.php;370;;Syn gas from Coal Gasification;Natural Gas; 
Dunamenti II Thermal Power Plant Hungary;GEO_42674;{K};Ungarn;47.3283;18.9169;1;1974;;http://globalenergyobservatory.org/select.php;1290;1000;Natural Gas;Fuel Oil; 
AES Tisza II Thermal Power Plant Hungary;GEO_42673;{K};Ungarn;48.9174;21.077;1;1977;;http://globalenergyobservatory.org/select.php;900;;Natural Gas;Fuel Oil; 
E.ON Gonyu CCGT Power Plant Hungary;GEO_42670;{K};Ungarn;47.7384;17.8033;1;2011;;http://globalenergyobservatory.org/select.php;433;;Natural Gas;; 
Csepel CCGT Power Plant Hungary;GEO_42667;{K};Ungarn;47.428;19.0525;1;2000;;http://globalenergyobservatory.org/select.php;403;;Natural Gas;Fuel Oil; 
Kelenfold CCGT CHP Power Plant Hungary;GEO_42678;{K};Ungarn;47.4624;19.0563;1;1995;;http://globalenergyobservatory.org/select.php;196;373;Natural Gas;Fuel Oil; 
Pannonpower (Pecs) Thermal Power Plant Hungary;GEO_42683;{K};Ungarn;46.0641;18.2634;1;1961;;http://globalenergyobservatory.org/select.php;182.4;;Natural Gas;Biomass; 
Lorenci OCGT Power Plant Hungary;GEO_42664;{K};Ungarn;47.71644;19.67779;1;2000;;http://globalenergyobservatory.org/select.php;170;;Natural Gas;Fuel Oil; 
Liter OCGT Power Plant Hungary;GEO_42666;{K};Ungarn;47.1075;18.0143;1;1998;;http://globalenergyobservatory.org/select.php;120;;Natural Gas;Fuel Oil; 
Sajoszoged OCGT Power Plant Hungary;GEO_42665;{K};Ungarn;47.9393;20.97;1;1998;;http://globalenergyobservatory.org/select.php;120;;Natural Gas;; 
Kispest CCGT CHP Power Plant Hungary;GEO_42680;{K};Ungarn;47.4568;19.1673;1;2004;;http://globalenergyobservatory.org/select.php;114;366;Natural Gas;Fuel Oil; 
Ujpest CCGT CHP Power Plant Hungary;GEO_42679;{K};Ungarn;47.554;19.1023;1;2002;;http://globalenergyobservatory.org/select.php;110;404;Natural Gas;; 
E.ON Debrecen OCGT CHP Power Plant Hungary;GEO_42669;{K};Ungarn;47.5185;21.6329;1;2001;;http://globalenergyobservatory.org/select.php;95;90;Natural Gas;; 
E.ON Nyiregyhaza OCGT CHP Power Plant Hungary;GEO_42671;{K};Ungarn;47.9569;21.6988;1;2007;;http://globalenergyobservatory.org/select.php;49;;Natural Gas;; 
BC (Borsodchem) CHP Power Plant Hungary;GEO_42682;{K};Ungarn;48.2453;20.6476;1;2001;;http://globalenergyobservatory.org/select.php;47;;Natural Gas;Fuel Oil; 
TVK CCGT CHP Power Plant Hungary;GEO_42681;{K};Ungarn;47.9144;21.0236;1;2004;;http://globalenergyobservatory.org/select.php;33.4;;Natural Gas;; 
