id;comment;comp_id;is_H_gas;start_year;end_year;source;license;is_bothDirection;length;diameter_mm;max_pressure_bar;max_cap_M_m3_per_d;num_compressor
TEXT;TEXT;TEXT;INT;INT;INT;TEXT;TEXT;INT;REAL;REAL;REAL;REAL;REAL
[];[];[];[];[yyyy];[yyyy];[];[];[];[km];[mm];[bar];[M m^3/d];[]
AlcazarDeSanJuan;;AlcazarDeSanJuan;1;;;https://theodora.com/pipelines/france_and_belgium_pipelines.html;theodora;;;;;;
AlcazarDeSanJuan_Chinchilla;;AlcazarDeSanJuan_Chinchilla;1;;;E118;theodora;;;;;;
AlcazarDeSanJuan_Ibiza;;AlcazarDeSanJuan_Ibiza;1;;;https://theodora.com/pipelines/france_and_belgium_pipelines.html;theodora;;;;;;
AlcazarDeSanJuan_Madrid;;AlcazarDeSanJuan_Madrid;1;;;Extra bei Hand;;;;;;;
Alessandria_Cortemaggiore;;Alessandria_Cortemaggiore;1;;;http://www.snam.it/en/transportation/Thermal_Year_Archive/Thermal_Year_2013_2014/Info-to-users/index.html;Snam;;;914.4;75;;
Almendralejo_Badajoz;;Almendralejo_Badajoz;1;;;http://www.emplpipeline.com/en/the-gas-pipeline/,Extra bei Hand;EMPL;;;;;;
Almendralejo_Valladolid;;Almendralejo_Valladolid;1;;;https://theodora.com/pipelines/france_and_belgium_pipelines.html;theodora;;;;;;
Almendralejo_Zamora;;Almendralejo_Zamora;1;;;"http://www.emplpipeline.com/en/the-gas-pipeline/,Extra bei Hand
";EMPL;;;;;;
Alrewas_Churchover;;Alrewas_Churchover;;;;;;;;;;;
Alrewas_Peterborough;;Alrewas_Peterborough;;;;;;;;;;;
Alrewas_Peterborough;;Alrewas_Peterborough;;;;;;;;;;;
Altamura_Candela;;Altamura_Candela;1;;;Extra;;;;1219;75;;
Altamura_Latiano;;Altamura_Latiano;1;;;http://www.snam.it/en/transportation/Thermal_Year_Archive/Thermal_Year_2013_2014/Info-to-users/index.html;Snam;;;508;75;;
Altamura_MonteAlpi;;Altamura_MonteAlpi;1;;;http://www.snam.it/en/transportation/Thermal_Year_Archive/Thermal_Year_2013_2014/Info-to-users/index.html;Snam;;;508;75;;
Altamura_Palagiano;;Altamura_Palagiano;1;;;http://www.snam.it/en/transportation/Thermal_Year_Archive/Thermal_Year_2013_2014/Info-to-users/index.html;Snam;;;1219;75;;
Angouleme_Roussines;;Angouleme_Roussines;1;;;Extra;;;;;;;
Arad_Szeged;;Arad_Szeged;1;;;https://en.wikipedia.org/wiki/Arad%E2%80%93Szeged_pipeline;Wikipedia;;109;700;;12.05;
Arad_Szeged;;Arad_Szeged;1;;;;;;;;;;
Arnoldstein_Tarvisio_Extra;;Arnoldstein_Tarvisio_Extra;1;;;Extra;;;;;;;
ArtereDeLAdour;;ArtereDeLAdour;1;;;;;;;;;;
Audley_Alrewas;;Audley_Alrewas;;;;;;;;;;;
Avonmouth_Ilchester;;Avonmouth_Ilchester;;;;;;;;;;;
Aylesbury_Huntingdon;;Aylesbury_Huntingdon;;;;;;;;;;;
Aylesbury_Lockerley;;Aylesbury_Lockerley;;;;;;;;;;;
Aylesbury_Whitwell;;Aylesbury_Whitwell;;;;;;;;;;;
Bacton_Cambridge;;Bacton_Cambridge;;;;;;;;;;;
Bacton_Diss;;Bacton_Diss;;;;;;;;;;;
Bacton_Kings;;Bacton_Kings;;;;;;;;;;;
Badajoz_Leiria;;Badajoz_Leiria;1;;;http://www.emplpipeline.com/en/the-gas-pipeline/,Extra bei Hand;EMPL;;;;;;
BalticPolishPipe;;BalticPolishPipe;1;2022;;https://www.baltic-pipe.eu/de/das-projekt/;;;;;;13.6986;
Bathgate_Moffat;;Bathgate_Moffat;;;;;;;;;;;
BBL;;BBL;1;2006;;https://en.wikipedia.org/wiki/BBL_Pipeline;Wikipedia;1;235;914;135;43.83;1
Benevento_Biccari;;Benevento_Biccari;1;;;http://www.snam.it/en/transportation/Thermal_Year_Archive/Thermal_Year_2013_2014/Info-to-users/index.html;Snam;;;609;64;;
Bernalda_Grumento;;Bernalda_Grumento;1;;;http://www.snam.it/en/transportation/Thermal_Year_Archive/Thermal_Year_2013_2014/Info-to-users/index.html;Snam;;;1066.8;75;;
BernauSzczecin;;BernauSzczecin;1;;;http://interfaxenergy.com/article/19138/lng-better-than-norway-pipeline-ex-polish-pm;;;;;;13.6986;
Berneau_Eynatten;;Berneau_Eynatten;1;;;https://www.fluxys.com/belgium/en/about%20fluxys/infrastructure/network/network;Fluxys;;;;;;
Beziers_Lacq;;Beziers_Lacq;1;;;Extra;;;;;;;
BGTP;;BGTP;1;;;Belfast Gas Transmission Pipeline;;;35;600;75;;
Biccari_Candela;;Biccari_Candela;1;;;http://www.snam.it/en/transportation/Thermal_Year_Archive/Thermal_Year_2013_2014/Info-to-users/index.html;Snam;;;1219;75;;
Blackrod_Elworth;;Blackrod_Elworth;;;;;;;;;;;
Bordano_MoggioUdinesse_1;;Bordano_MoggioUdinesse_1;1;;;http://www.snam.it/en/transportation/Thermal_Year_Archive/Thermal_Year_2013_2014/Info-to-users/index.html;Snam;;;1219.2;75;;
Bordano_MoggioUdinesse_2;;Bordano_MoggioUdinesse_2;1;;;http://www.snam.it/en/transportation/Thermal_Year_Archive/Thermal_Year_2013_2014/Info-to-users/index.html;Snam;;;1066.8;70;;
Bosentino_Trento_1;;Bosentino_Trento_1;1;;;http://www.snam.it/en/transportation/Thermal_Year_Archive/Thermal_Year_2013_2014/Info-to-users/index.html;Snam;;;406.4;70;;
Bosentino_Trento_2;;Bosentino_Trento_2;1;;;http://www.snam.it/en/transportation/Thermal_Year_Archive/Thermal_Year_2013_2014/Info-to-users/index.html;Snam;;;254;64;;
Bourbonne_Lyon;;Bourbonne_Lyon;1;;;E25;theodora;;;;;;
Bourbonne_Paris;;Bourbonne_Paris;1;;;https://theodora.com/pipelines/france_and_belgium_pipelines.html,E10;theodora;;111;600;;;
Brest_Donges;;Brest_Donges;1;;;https://theodora.com/pipelines/france_and_belgium_pipelines.html,E11;theodora;;;;;;
Brindisi_Ampeleia;;Brindisi_Ampeleia;1;;;ENAGAS;;;;200;;;
Brindisi_Ampeleia;;Brindisi_Ampeleia;1;;;E120;;;;250;;;
BRUA;;BRUA;1;;;https://en.wikipedia.org/wiki/BRUA_Pipeline;Wikipedia;;479;813;;12.0547;
BRUA_E;;BRUA_E;1;;;Extra;;;;;;;
Burgos_SanSebastian;;Burgos_SanSebastian;1;;;ENAGAS,E75;;;;;;;
Burgos_Santander;;Burgos_Santander;1;;;ENAGAS,E76;;;;;;;
Burgos_Valladolid;;Burgos_Valladolid;1;;;ENAGAS,E77;;;;;;;
CalderariEnna_Gela;;CalderariEnna_Gela;1;;;http://www.snam.it/en/transportation/Thermal_Year_Archive/Thermal_Year_2013_2014/Info-to-users/index.html;Snam;;;914;75;;
CalderariEnna_Menfi_1;;CalderariEnna_Menfi_1;1;;;http://www.snam.it/en/transportation/Thermal_Year_Archive/Thermal_Year_2013_2014/Info-to-users/index.html;Snam;;;1219;75;;
CalderariEnna_Menfi_2;;CalderariEnna_Menfi_2;1;;;http://www.snam.it/en/transportation/Thermal_Year_Archive/Thermal_Year_2013_2014/Info-to-users/index.html;Snam;;;1219;75;;
Caldonazzo_Bosentino;;Caldonazzo_Bosentino;1;;;http://www.snam.it/en/transportation/Thermal_Year_Archive/Thermal_Year_2013_2014/Info-to-users/index.html;Snam;;;254;64;;
Cambridge_Chelmsford;;Cambridge_Chelmsford;;;;;;;;;;;
Cambridge_Whitwell;;Cambridge_Whitwell;;;;;;;;;;;
CampagnaLupia_RavennaTerra;;CampagnaLupia_RavennaTerra;1;;;http://www.snam.it/en/transportation/Thermal_Year_Archive/Thermal_Year_2013_2014/Info-to-users/index.html;Snam;;;558.8;64;;
Campochiaro_Melizzano;;Campochiaro_Melizzano;1;;;http://www.snam.it/en/transportation/Thermal_Year_Archive/Thermal_Year_2013_2014/Info-to-users/index.html;Snam;;;1219;75;;
CampoMaior_Leira;;CampoMaior_Leira;1;;;https://theodora.com/pipelines/france_and_belgium_pipelines.html,E78;theodora;;219;711;;;
Carnforth_Lancashire;;Carnforth_Lancashire;;;;;;;;;;;
Cartagena_Almeria;;Cartagena_Almeria;1;;;Extra;;;;;;;
Cartagena_Girona;;Cartagena_Girona;1;;;https://theodora.com/pipelines/france_and_belgium_pipelines.html;theodora;;;;;;
Cartagena_Montesa;;Cartagena_Montesa;1;;;E79;theodora;;;;;;
Cavarzere_Minerbio;;Cavarzere_Minerbio;1;;;http://www.snam.it/en/transportation/Thermal_Year_Archive/Thermal_Year_2013_2014/Info-to-users/index.html;Snam;;;914;;;
Cavarzere_RavennaTerra;;Cavarzere_RavennaTerra;1;;;http://www.snam.it/en/transportation/Thermal_Year_Archive/Thermal_Year_2013_2014/Info-to-users/index.html;Snam;;;558.8;64;;
Cervignano_Ripalta;;Cervignano_Ripalta;1;;;http://www.snam.it/en/transportation/Thermal_Year_Archive/Thermal_Year_2013_2014/Info-to-users/index.html;Snam;;;1219;75;;
Cervignano_Sergnano;;Cervignano_Sergnano;1;;;http://www.snam.it/en/transportation/Thermal_Year_Archive/Thermal_Year_2013_2014/Info-to-users/index.html;Snam;;;762;70;;
Cervignano_Settala_1;;Cervignano_Settala_1;1;;;http://www.snam.it/en/transportation/Thermal_Year_Archive/Thermal_Year_2013_2014/Info-to-users/index.html;Snam;;;863.6;75;;
Cervignano_Settala_2;;Cervignano_Settala_2;1;;;http://www.snam.it/en/transportation/Thermal_Year_Archive/Thermal_Year_2013_2014/Info-to-users/index.html;Snam;;;508;70;;
Cherbourg_Le Havre;;Cherbourg_Le Havre;1;;;https://theodora.com/pipelines/france_and_belgium_pipelines.html,E13;theodora;;;;;;
Chieti_Cupello;;Chieti_Cupello;1;;;http://www.snam.it/en/transportation/Thermal_Year_Archive/Thermal_Year_2013_2014/Info-to-users/index.html;Snam;;;558.8;70;;
Chinchilla_Montesa;;Chinchilla_Montesa;1;;;Extra;;;;;;;
Chivasso_Mortara;;Chivasso_Mortara;1;;;http://www.snam.it/en/transportation/Thermal_Year_Archive/Thermal_Year_2013_2014/Info-to-users/index.html;Snam;;;1067;75;;
Chivasso_Poirino;;Chivasso_Poirino;1;;;http://www.snam.it/en/transportation/Thermal_Year_Archive/Thermal_Year_2013_2014/Info-to-users/index.html;Snam;;;660;75;;
Churchover_Wormington;;Churchover_Wormington;;;;;;;;;;;
Ciciliano_Melizzano;;Ciciliano_Melizzano;1;;;http://www.snam.it/en/transportation/Thermal_Year_Archive/Thermal_Year_2013_2014/Info-to-users/index.html;Snam;;;1219;75;;
Cordoba_AlcazarDeSanJuan;;Cordoba_AlcazarDeSanJuan;1;;;Extra;;;;;;;
Cordoba_Almendralejo;;Cordoba_Almendralejo;1;;;http://www.emplpipeline.com/en/the-gas-pipeline/,Extra bei Hand;EMPL;;251;813;;;
Cordoba_CampoMajor_1;;Cordoba_CampoMajor_1;1;;;https://theodora.com/pipelines/france_and_belgium_pipelines.html,E80_1;theodora;;191;711;;;
Cordoba_CampoMajor_2;;Cordoba_CampoMajor_2;1;;;https://theodora.com/pipelines/france_and_belgium_pipelines.html,E80_2;theodora;;191;812;;;
Cordoba_Grenada;;Cordoba_Grenada;1;;;https://theodora.com/pipelines/france_and_belgium_pipelines.html,E81;theodora;;;;;;
Cordoba_Madrid;;Cordoba_Madrid;1;;;http://www.emplpipeline.com/en/the-gas-pipeline/;EMPL;;;;;;
Cordoba_Puertollano;;Cordoba_Puertollano;1;;;Extra;;;;;;;
Cortemaggiore_Pontremoli;;Cortemaggiore_Pontremoli;1;;;http://www.snam.it/en/transportation/Thermal_Year_Archive/Thermal_Year_2013_2014/Info-to-users/index.html;Snam;;;762;36;;
Crotone_MaidaSEufemia;;Crotone_MaidaSEufemia;1;;;http://www.snam.it/en/transportation/Thermal_Year_Archive/Thermal_Year_2013_2014/Info-to-users/index.html;Snam;;;558.8;70;;
Cupello_Biccari;;Cupello_Biccari;1;;;http://www.snam.it/en/transportation/Thermal_Year_Archive/Thermal_Year_2013_2014/Info-to-users/index.html;Snam;;;508;64;;
Cupello_Vastogirardi;;Cupello_Vastogirardi;1;;;http://www.snam.it/en/transportation/Thermal_Year_Archive/Thermal_Year_2013_2014/Info-to-users/index.html;Snam;;;1066.8;75;;
Deudan;;Deudan;1;1996;;;;1;;600;;8.41096;1
Deudan_Loop;;Deudan_Loop;1;2015;;https://www.shz.de/lokales/landeszeitung/wissenschaftler-unter-zeitdruck-id5845016.html;Presse;1;63.5;900;84;;
Diss_Isle_of_Grain;;Diss_Isle_of_Grain;;;;;;;;;;;
Donges_Angouleme;;Donges_Angouleme;1;;;https://theodora.com/pipelines/france_and_belgium_pipelines.html,E14;theodora;;;;;;
Donges_Paris;;Donges_Paris;1;;;E23;theodora;;;;;;
E106LemanBank;;E106LemanBank;;;;;;;;;;;
E29;;E29;1;;;E29;theodora;;;;;;
E48;;E48;1;;;https://theodora.com/pipelines/france_and_belgium_pipelines.html,E48;theodora;;284;610;;;
E48_2;;E48_2;1;;;https://www.fluxys.com/belgium/en/about%20fluxys/infrastructure/network/network;Fluxys;;284;914;;;
Easington_Bishop Auckland;;Easington_Bishop Auckland;;;;;;;;;;;
Ellund_Alborg;;Ellund_Alborg;1;;;E32;theodora;;;;;;
Elworth_Audley;;Elworth_Audley;;;;;;;;;;;
EntsoG_1;from EntsoG;EntsoG_1;1;;;https://transparency.entsog.eu/;;;;;;;
EntsoG_10;from EntsoG;EntsoG_10;1;;;https://transparency.entsog.eu/;;;;;;;
EntsoG_11;from EntsoG;EntsoG_11;1;;;https://transparency.entsog.eu/;;;;;;;
EntsoG_12;from EntsoG;EntsoG_12;1;;;https://transparency.entsog.eu/;;;;;;;
EntsoG_13;from EntsoG;EntsoG_13;1;;;https://transparency.entsog.eu/;;;;;;;
EntsoG_14;from EntsoG;EntsoG_14;1;;;https://transparency.entsog.eu/;;;;;;;
EntsoG_15;from EntsoG;EntsoG_15;1;;;https://transparency.entsog.eu/;;;;;;;
EntsoG_16;from EntsoG;EntsoG_16;1;;;https://transparency.entsog.eu/;;;;;;;
EntsoG_17;from EntsoG;EntsoG_17;1;;;https://transparency.entsog.eu/;;;;;;;
EntsoG_18;from EntsoG;EntsoG_18;1;;;https://transparency.entsog.eu/;;;;;;;
EntsoG_19;from EntsoG;EntsoG_19;1;;;https://transparency.entsog.eu/;;;;;;;
EntsoG_2;from EntsoG;EntsoG_2;1;;;https://transparency.entsog.eu/;;;;;;;
EntsoG_20;from EntsoG;EntsoG_20;1;;;https://transparency.entsog.eu/;;;;;;;
EntsoG_21;from EntsoG;EntsoG_21;1;;;https://transparency.entsog.eu/;;;;;;;
EntsoG_22;from EntsoG;EntsoG_22;1;;;https://transparency.entsog.eu/;;;;;;;
EntsoG_23;from EntsoG;EntsoG_23;1;;;https://transparency.entsog.eu/;;;;;;;
EntsoG_24;from EntsoG;EntsoG_24;1;;;https://transparency.entsog.eu/;;;;;;;
EntsoG_25;from EntsoG;EntsoG_25;1;;;https://transparency.entsog.eu/;;;;;;;
EntsoG_26;from EntsoG;EntsoG_26;1;;;https://transparency.entsog.eu/;;;;;;;
EntsoG_27;from EntsoG;EntsoG_27;1;;;https://transparency.entsog.eu/;;;;;;;
EntsoG_28;from EntsoG;EntsoG_28;1;;;https://transparency.entsog.eu/;;;;;;;
EntsoG_29;from EntsoG;EntsoG_29;1;;;https://transparency.entsog.eu/;;;;;;;
EntsoG_3;from EntsoG;EntsoG_3;1;;;https://transparency.entsog.eu/;;;;;;;
EntsoG_4;from EntsoG;EntsoG_4;1;;;https://transparency.entsog.eu/;;;;;;;
EntsoG_5;from EntsoG;EntsoG_5;1;;;https://transparency.entsog.eu/;;;;;;;
EntsoG_6;from EntsoG;EntsoG_6;1;;;https://transparency.entsog.eu/;;;;;;;
EntsoG_7;from EntsoG;EntsoG_7;1;;;https://transparency.entsog.eu/;;;;;;;
EntsoG_8;from EntsoG;EntsoG_8;1;;;https://transparency.entsog.eu/;;;;;;;
EntsoG_9;from EntsoG;EntsoG_9;1;;;https://transparency.entsog.eu/;;;;;;;
Epe_Legden;;Epe_Legden;1;2019;;FNB_GAS_Projekte_2014_02_17_anlage_6_nep-gas-2014_projekt-steckbriefe.pdf;;;15;1100;100;;
ERM;;ERM;1;;;https://www.rnf.de/hintergrund-die-erm-gasleitung-von-ludwigshafen-nach-karlsruhe-58182/;;;57;400;;;
ERM_Extra;;ERM_Extra;1;;;Extra;;;;;;;
EUGAL_1;Rohrdicke >20 mm;EUGAL_1;1;2022;;https://www.eugal.de/eugal-pipeline/,https://www.mdr.de/nachrichten/politik/regional/baubeginn-erdgastrasse-eugal-umstritten-100.html;;;329;1400;100;75.3424;
Europipe_II;;Europipe_II;1;1999;;https://en.wikipedia.org/wiki/Europipe_II;Wikipedia;;658;1067;49;65.7534;
Exeter_Penzance;;Exeter_Penzance;;;;;;;;;;;
ExtraWithHand;;ExtraWithHand;;;;;;;;;;;
Flaibano_Bordano_1;;Flaibano_Bordano_1;1;;;http://www.snam.it/en/transportation/Thermal_Year_Archive/Thermal_Year_2013_2014/Info-to-users/index.html;Snam;;;914.4;58;;
Flaibano_Bordano_2;;Flaibano_Bordano_2;1;;;http://www.snam.it/en/transportation/Thermal_Year_Archive/Thermal_Year_2013_2014/Info-to-users/index.html;Snam;;;1219.2;75;;
Flaibano_Bordano_3;;Flaibano_Bordano_3;1;;;http://www.snam.it/en/transportation/Thermal_Year_Archive/Thermal_Year_2013_2014/Info-to-users/index.html;Snam;;;1066.8;70;;
Flaibano_Gonars_1;;Flaibano_Gonars_1;1;;;http://www.snam.it/en/transportation/Thermal_Year_Archive/Thermal_Year_2013_2014/Info-to-users/index.html;Snam;;;762;70;;
Flaibano_Gonars_2;;Flaibano_Gonars_2;1;;;http://www.snam.it/en/transportation/Thermal_Year_Archive/Thermal_Year_2013_2014/Info-to-users/index.html;Snam;;;660.4;70;;
Fluxys;;Fluxys;1;;;https://www.fluxys.com/belgium/en/about%20fluxys/infrastructure/network/network;Fluxys;;;;;;
Foligno_GalleseCivitaCast;;Foligno_GalleseCivitaCast;1;;;http://www.snam.it/en/transportation/Thermal_Year_Archive/Thermal_Year_2013_2014/Info-to-users/index.html;Snam;;;558.8;70;;
Folmhuse_Grotegaste_Loop;;Folmhuse_Grotegaste_Loop;1;2018;;FNB_GAS_Projekte_2014_02_17_anlage_6_nep-gas-2014_projekt-steckbriefe.pdf;;;10.2;1000;84;;
Forchheim_Finsing;;Forchheim_Finsing;1;2019;;FNB_GAS_Projekte_2014_02_17_anlage_6_nep-gas-2014_projekt-steckbriefe.pdf;;;79;1000;100;;
FosSurMer_Beziers;;FosSurMer_Beziers;1;;;Extra;;;;;;;
FosSurMer_Tersanne;;FosSurMer_Tersanne;1;;;https://theodora.com/pipelines/france_and_belgium_pipelines.html,E17_Skikda;theodora;;214;610;;;
FosSurMer_Vorepe_1;;FosSurMer_Vorepe_1;1;;;https://theodora.com/pipelines/france_and_belgium_pipelines.html,E16_1;theodora;;;410;;;
FosSurMer_Vorepe_2;;FosSurMer_Vorepe_2;1;;;https://theodora.com/pipelines/france_and_belgium_pipelines.html,E16_2;theodora;;;610;;;
GaglianoSparacollo_CalderariEnna_1;;GaglianoSparacollo_CalderariEnna_1;1;;;http://www.snam.it/en/transportation/Thermal_Year_Archive/Thermal_Year_2013_2014/Info-to-users/index.html;Snam;;;1219;75;;
GaglianoSparacollo_CalderariEnna_2;;GaglianoSparacollo_CalderariEnna_2;1;;;http://www.snam.it/en/transportation/Thermal_Year_Archive/Thermal_Year_2013_2014/Info-to-users/index.html;Snam;;;1219;75;;
GaglianoSparacollo_CalderariEnna_3;;GaglianoSparacollo_CalderariEnna_3;1;;;http://www.snam.it/en/transportation/Thermal_Year_Archive/Thermal_Year_2013_2014/Info-to-users/index.html;Snam;;;1219;75;;
GaglianoSparacollo_Gagliano;;GaglianoSparacollo_Gagliano;1;;;http://www.snam.it/en/transportation/Thermal_Year_Archive/Thermal_Year_2013_2014/Info-to-users/index.html;Snam;;;406;75;;
GalleseCivitaCast_Ciciliano;;GalleseCivitaCast_Ciciliano;1;;;http://www.snam.it/en/transportation/Thermal_Year_Archive/Thermal_Year_2013_2014/Info-to-users/index.html;Snam;;;1219;75;;
GalleseCivitaCast_Oricola;;GalleseCivitaCast_Oricola;1;;;http://www.snam.it/en/transportation/Thermal_Year_Archive/Thermal_Year_2013_2014/Info-to-users/index.html;Snam;;;1219;75;;
GascogneMidi;;GascogneMidi;1;;;;;;;;;;
Gateway_Carnforth;;Gateway_Carnforth;;;;;;;;;;;
Gaviota_Madrid;;Gaviota_Madrid;1;;;https://theodora.com/pipelines/france_and_belgium_pipelines.html;theodora;;;;;;
Gazelle;;Gazelle;1;2013;;http://www.rwe.com/web/cms/de/37110/rwe/presse-news/pressemitteilungen/?pmid=4005467,http://digitalnewsservice.net/clients/net4gas-nimmt-neue-hochdruck-gas-pipeline-gazelle-in-betrieb/;;;166;1400;84;83.5616;
Gernsheim_NKP;;Gernsheim_NKP;1;;;Netzkopplungspunkt Gernsheim, VON:MIDAL Absperrstation  in  Herchenrode  (Kreis  Darmstadt-Dieburg,  Gemeinde  Modautal), NACH: Gernsheim;;;16;500;;106.8493;
Gerstein_PS;Rohrdicke 24 mm;Gerstein_PS;1;;;https://www.europipe.com/de/referenzen/referenzprojekte/;EuroPipe;;9;1422;;;
Gijon_Oviedo;;Gijon_Oviedo;1;;;https://theodora.com/pipelines/france_and_belgium_pipelines.html,E85;theodora;;;;;;
Giurgiu_Rus;;Giurgiu_Rus;1;;;https://en.wikipedia.org/wiki/Giurgiu%E2%80%93Ruse_pipeline;Wikipedia;;25;508;;4.109589;
Giurgiu_Rus;;Giurgiu_Rus;1;;;;;;;;;;
Giurgiu_Rus_E;;Giurgiu_Rus_E;1;;;Extra;;;;;;;
Golasecca_Oltrona;;Golasecca_Oltrona;1;;;http://www.snam.it/en/transportation/Thermal_Year_Archive/Thermal_Year_2013_2014/Info-to-users/index.html;Snam;;;760;24;;
Gonars_Villesse;;Gonars_Villesse;1;;;http://www.snam.it/en/transportation/Thermal_Year_Archive/Thermal_Year_2013_2014/Info-to-users/index.html;Snam;;;660.4;70;;
Groningen_Paris_1;;Groningen_Paris_1;1;;;https://theodora.com/pipelines/france_and_belgium_pipelines.html;theodora;;670;610;;;
Groningen_Paris_2;;Groningen_Paris_2;1;;;https://theodora.com/pipelines/france_and_belgium_pipelines.html;theodora;;670;1067;;;
Groningen_Rehden_Extra;;Groningen_Rehden_Extra;1;;;Extra;;;;;;;
Grumento_Moliterno;;Grumento_Moliterno;1;;;http://www.snam.it/en/transportation/Thermal_Year_Archive/Thermal_Year_2013_2014/Info-to-users/index.html;Snam;;;508;75;;
Grumento_MonteAlpi_1;;Grumento_MonteAlpi_1;1;;;http://www.snam.it/en/transportation/Thermal_Year_Archive/Thermal_Year_2013_2014/Info-to-users/index.html;Snam;;;558.8;75;;
Grumento_MonteAlpi_2;;Grumento_MonteAlpi_2;1;;;http://www.snam.it/en/transportation/Thermal_Year_Archive/Thermal_Year_2013_2014/Info-to-users/index.html;Snam;;;304.8;75;;
Grumento_MontesanoSullaMarcellana;;Grumento_MontesanoSullaMarcellana;1;;;http://www.snam.it/en/transportation/Thermal_Year_Archive/Thermal_Year_2013_2014/Info-to-users/index.html;Snam;;;1066.8;75;;
GTS;;GTS;1;;;Extra mit GTS Informationen;;;;;;;
HAG;;HAG;1;;;https://de.wikipedia.org/wiki/Hungaria-Austria-Gasleitung;Wikipedia;;46;700;70;;
Hamburg_Alborg;;Hamburg_Alborg;1;;;https://theodora.com/pipelines/france_and_belgium_pipelines.html;theodora;;;610;;;
hand_1;from EntsoG;hand_1;1;;;;;;;;;;
hand_10;by hand;hand_10;1;;;;;;;;;;
hand_2;from EntsoG;hand_2;1;;;;;;;;;;
hand_3;from EntsoG;hand_3;1;;;;;;;;;;
hand_4;by hand;hand_4;1;;;;;;;;;;
hand_5;by hand;hand_5;1;;;;;;;;;;
hand_6;by hand;hand_6;1;;;;;;;;;;
Hatton_Easington;;Hatton_Easington;;;;;;;;;;;
Hatton_Peterborough;;Hatton_Peterborough;;;;;;;;;;;
Hauts_de_France;;Hauts_de_France;1;1996;;;;;157;;;;
Hauts_de_France_II;Rohrdicke 19-28 mm;Hauts_de_France_II;1;;;https://www.europipe.com/de/referenzen/referenzprojekte/;EuroPipe;;174;1220;;;
Huelva_Cordoba;;Huelva_Cordoba;1;;;http://www.emplpipeline.com/en/the-gas-pipeline/,Extra bei Hand;EMPL;;494;762;;;
Huntingdon_Cambridge;;Huntingdon_Cambridge;;;;;;;;;;;
Huntingdon_Wisbech;;Huntingdon_Wisbech;;;;;;;;;;;
Ilchester_Exeter;;Ilchester_Exeter;;;;;;;;;;;
Ilchester_Lockerley;;Ilchester_Lockerley;;;;;;;;;;;
IndefatigableHewitt_Bacton;;IndefatigableHewitt_Bacton;1;;;https://theodora.com/pipelines/france_and_belgium_pipelines.html,E106, Leman Bank;theodora;;95;762;;;
Interconnector;;Interconnector;1;1998;;Von UK nach Irland;;1;235;1016;;69.863;
Interconnector_1;;Interconnector_1;1;1993;;Von UK nach Irland;;;135;610;60;8.767123;
Interconnector_1;;Interconnector_1;;;;;;;;;;;
Interconnector_2;;Interconnector_2;1;2002;;Von UK nach Irland;;;195;762;69;15.013698;
Interconnector_2;;Interconnector_2;;;;;;;;;;;
Isle_of_Grain_Chelmsford;;Isle_of_Grain_Chelmsford;;;;;;;;;;;
Istrana_Caldonazzo;;Istrana_Caldonazzo;1;;;http://www.snam.it/en/transportation/Thermal_Year_Archive/Thermal_Year_2013_2014/Info-to-users/index.html;Snam;;;609.6;70;;
Istrana_Mira;;Istrana_Mira;1;;;http://www.snam.it/en/transportation/Thermal_Year_Archive/Thermal_Year_2013_2014/Info-to-users/index.html;Snam;;;762;70;;
Istrana_SPoloDiPiave_1;;Istrana_SPoloDiPiave_1;1;;;http://www.snam.it/en/transportation/Thermal_Year_Archive/Thermal_Year_2013_2014/Info-to-users/index.html;Snam;;;914.4;58;;
Istrana_SPoloDiPiave_2;;Istrana_SPoloDiPiave_2;1;;;http://www.snam.it/en/transportation/Thermal_Year_Archive/Thermal_Year_2013_2014/Info-to-users/index.html;Snam;;;1066.8;70;;
Istrana_SPoloDiPiave_3;;Istrana_SPoloDiPiave_3;1;;;http://www.snam.it/en/transportation/Thermal_Year_Archive/Thermal_Year_2013_2014/Info-to-users/index.html;Snam;;;1219.2;75;;
JAGAL_1_1;;JAGAL_1_1;1;1999;;https://www.gascade.de/en/our-network/our-pipelines/jagal/;Gascade;0;11;1400;;76.71232877;
JAGAL_1_2;;JAGAL_1_2;1;1999;;https://www.gascade.de/en/our-network/our-pipelines/jagal/;Gascade;0;97;1200;;76.71232877;1
JAGAL_2;;JAGAL_2;1;1999;;https://www.gascade.de/en/our-network/our-pipelines/jagal/;Gascade;0;230;1200;;76.71232877;1
JAMAL;;JAMAL;1;1999;;https://de.wikipedia.org/wiki/Erdgasleitung_Jamal%E2%80%93Europa,https://en.wikipedia.org/wiki/Yamal%E2%80%93Europe_pipeline;Wikipedia;;683;1420;84;90.4109589;
KIP;;KIP;1;;;Edler_2013_das_OEsterreichische_Gasnetz.pdf;;;4;500;70;;
Kirriemuir_Bathgate;;Kirriemuir_Bathgate;;;;;;;;;;;
Kirriemuir_Wooler;;Kirriemuir_Wooler;;;;;;;;;;;
Lack_Bayonne;;Lack_Bayonne;1;;;https://theodora.com/pipelines/france_and_belgium_pipelines.html, E21;theodora;;;;;;
Lacq_Angouleme;;Lacq_Angouleme;1;;;Extyra;;;;;;;
Lacq_Navarra;;Lacq_Navarra;1;;;E18;theodora;;;;;;
Lacq_Zaragoza;;Lacq_Zaragoza;1;;;https://theodora.com/pipelines/france_and_belgium_pipelines.html;theodora;;;;;;
Lancashire_Blackrod;;Lancashire_Blackrod;;;;;;;;;;;
Latiano_Brindisi_1;;Latiano_Brindisi_1;1;;;http://www.snam.it/en/transportation/Thermal_Year_Archive/Thermal_Year_2013_2014/Info-to-users/index.html;Snam;;;1066.8;75;;
Latiano_Brindisi_2;;Latiano_Brindisi_2;1;;;http://www.snam.it/en/transportation/Thermal_Year_Archive/Thermal_Year_2013_2014/Info-to-users/index.html;Snam;;;457.2;70;;
Lauria_Morano_1;;Lauria_Morano_1;1;;;http://www.snam.it/en/transportation/Thermal_Year_Archive/Thermal_Year_2013_2014/Info-to-users/index.html;Snam;;;1219;75;;
Lauria_Morano_2;;Lauria_Morano_2;1;;;http://www.snam.it/en/transportation/Thermal_Year_Archive/Thermal_Year_2013_2014/Info-to-users/index.html;Snam;;;1219;75;;
Legden_StHubert;;Legden_StHubert;1;2024;;FNB_GAS_Projekte_2014_02_17_anlage_6_nep-gas-2014_projekt-steckbriefe.pdf;;;115;1000;100;;
LeHavre_Paris_1;;LeHavre_Paris_1;1;;;https://theodora.com/pipelines/france_and_belgium_pipelines.html,E22_Arzew_1;theodora;;207;508;;;
LeHavre_Paris_2;;LeHavre_Paris_2;1;;;https://theodora.com/pipelines/france_and_belgium_pipelines.html,E22_Arzew_2;theodora;;;610;;;
Leira_Braga;;Leira_Braga;1;;;https://theodora.com/pipelines/france_and_belgium_pipelines.html,E64;theodora;;209;711;;;
Leiria_Tuy;;Leiria_Tuy;1;;;http://www.emplpipeline.com/en/the-gas-pipeline/,Extra bei Hand;EMPL;;;;;;
Lingen_PS;;Lingen_PS;1;2009;;https://www.europipe.com/de/referenzen/referenzprojekte/;EuroPipe;;15;1420;100;;
Lithuania_Latvia_Interconnection;;Lithuania_Latvia_Interconnection;1;1962;;https://www.sourcewatch.org/index.php/Lithuania-Latvia_Interconnection_Gas_Pipeline;;1;138;;;6.36;
Lockerley_Ilchester;;Lockerley_Ilchester;;;;;;;;;;;
Longtown_Bishop_Auckland;;Longtown_Bishop_Auckland;;;;;;;;;;;
Longtown_Carnforth;;Longtown_Carnforth;;;;;;;;;;;
Longtown_Moffat;;Longtown_Moffat;;;;;;;;;;;
LSF;;LSF;1;;;;;;;;;;
LSF_Extra;;LSF_Extra;1;;;;;;;;;;
MAB;;MAB;1;;;Edler_2013_das_Oesterreichische_Gasnetz.pdf;;;2.5;500;70;;
Madrid_Palancares;;Madrid_Palancares;1;;;https://theodora.com/pipelines/france_and_belgium_pipelines.html,E86;theodora;;;;;;
MAGAL2France;;MAGAL2France;1;;;Extra;;;;;;;
MaidaSEufemia_Palmi_1;;MaidaSEufemia_Palmi_1;1;;;http://www.snam.it/en/transportation/Thermal_Year_Archive/Thermal_Year_2013_2014/Info-to-users/index.html;Snam;;;1219;75;;
MaidaSEufemia_Palmi_2;;MaidaSEufemia_Palmi_2;1;;;http://www.snam.it/en/transportation/Thermal_Year_Archive/Thermal_Year_2013_2014/Info-to-users/index.html;Snam;;;1219;75;;
MaidaSEufemia_ReggioCalabria;;MaidaSEufemia_ReggioCalabria;1;;;http://www.snam.it/en/transportation/Thermal_Year_Archive/Thermal_Year_2013_2014/Info-to-users/index.html;Snam;;;1219;75;;
Malbroghetto_Tarvisio_1;;Malbroghetto_Tarvisio_1;1;;;http://www.snam.it/en/transportation/Thermal_Year_Archive/Thermal_Year_2013_2014/Info-to-users/index.html;Snam;;;1219;70;;
Malbroghetto_Tarvisio_2;;Malbroghetto_Tarvisio_2;1;;;http://www.snam.it/en/transportation/Thermal_Year_Archive/Thermal_Year_2013_2014/Info-to-users/index.html;Snam;;;1066.8;70;;
Malbroghetto_Tarvisio_3;;Malbroghetto_Tarvisio_3;1;;;http://www.snam.it/en/transportation/Thermal_Year_Archive/Thermal_Year_2013_2014/Info-to-users/index.html;Snam;;;1219;70;;
Maldegem_Zeebrugge_Extra;;Maldegem_Zeebrugge_Extra;1;;;Extra;;;;;;;
MarismaPalancares_Madrid;;MarismaPalancares_Madrid;1;;;https://theodora.com/pipelines/france_and_belgium_pipelines.html,E87;theodora;;;;;;
Masera_Veruno_1;;Masera_Veruno_1;1;;;http://www.snam.it/en/transportation/Thermal_Year_Archive/Thermal_Year_2013_2014/Info-to-users/index.html;Snam;;;860;55;;
Masera_Veruno_2;;Masera_Veruno_2;1;;;http://www.snam.it/en/transportation/Thermal_Year_Archive/Thermal_Year_2013_2014/Info-to-users/index.html;Snam;;;1219;75;;
MEGAL_Nord_1;;MEGAL_Nord_1;1;1980;;https://de.wikipedia.org/wiki/Mittel-Europ%C3%A4ische_Gasleitung,https://en.wikipedia.org/wiki/MEGAL_pipeline;Wikipedia;;213;1200;80;60.2739726;3
MEGAL_Nord_2;;MEGAL_Nord_2;1;1980;;https://en.wikipedia.org/wiki/MEGAL_pipeline,https://de.wikipedia.org/wiki/Mittel-Europ%C3%A4ische_Gasleitung;Wikipedia;;111;1100;80;60.2739726;
MEGAL_Nord_3;;MEGAL_Nord_3;1;1980;;https://en.wikipedia.org/wiki/MEGAL_pipeline,https://de.wikipedia.org/wiki/Mittel-Europ%C3%A4ische_Gasleitung;Wikipedia;;98;1000;80;60.2739726;
MEGAL_Nord_4;;MEGAL_Nord_4;1;1980;;https://en.wikipedia.org/wiki/MEGAL_pipeline,https://de.wikipedia.org/wiki/Mittel-Europ%C3%A4ische_Gasleitung;Wikipedia;;38;900;80;60.2739726;
MEGAL_Nord_5;;MEGAL_Nord_5;1;1980;;https://en.wikipedia.org/wiki/MEGAL_pipeline,https://de.wikipedia.org/wiki/Mittel-Europ%C3%A4ische_Gasleitung;Wikipedia;;449;1100;80;60.2739726;
MEGAL_Nord_6;;MEGAL_Nord_6;1;;;;;;;900;;;
MEGAL_Nord_Loop_1;;MEGAL_Nord_Loop_1;1;;;;;;;;;;
MEGAL_Nord_Loop_2;;MEGAL_Nord_Loop_2;1;;;;;;;;;;
MEGAL_Nord_Loop_3;;MEGAL_Nord_Loop_3;1;;;;;;;;;;
MEGAL_Nord_Loop_4;;MEGAL_Nord_Loop_4;1;;;;;;;;;;
MEGAL_Nord_Loop_5;;MEGAL_Nord_Loop_5;1;;;;;;;;;;
MEGAL_Nord_Loop_6;;MEGAL_Nord_Loop_6;1;;;;;;;;;;
MEGAL_NordSued_1;;MEGAL_NordSued_1;1;1980;;https://en.wikipedia.org/wiki/MEGAL_pipeline,https://de.wikipedia.org/wiki/Mittel-Europ%C3%A4ische_Gasleitung;Wikipedia;;40;800;67.5;;
MEGAL_NordSued_2;;MEGAL_NordSued_2;1;1980;;https://en.wikipedia.org/wiki/MEGAL_pipeline,https://de.wikipedia.org/wiki/Mittel-Europ%C3%A4ische_Gasleitung;Wikipedia;;40;1000;100;;
MEGAL_Sued_1;;MEGAL_Sued_1;1;1980;;https://en.wikipedia.org/wiki/MEGAL_pipeline,https://de.wikipedia.org/wiki/Mittel-Europ%C3%A4ische_Gasleitung;Wikipedia;;167;800;67.5;60.2739726;
MEGAL_Sued_2;;MEGAL_Sued_2;1;2012;;https://en.wikipedia.org/wiki/MEGAL_pipeline,https://de.wikipedia.org/wiki/Mittel-Europ%C3%A4ische_Gasleitung;Wikipedia;;72;1000;67.5;12.054794;
Melizzano_Benevento;;Melizzano_Benevento;1;;;http://www.snam.it/en/transportation/Thermal_Year_Archive/Thermal_Year_2013_2014/Info-to-users/index.html;Snam;;;508;64;;
Menfi_MazaraDelVallo_1;;Menfi_MazaraDelVallo_1;1;;;http://www.snam.it/en/transportation/Thermal_Year_Archive/Thermal_Year_2013_2014/Info-to-users/index.html;Snam;;;1219;75;;
Menfi_MazaraDelVallo_2;;Menfi_MazaraDelVallo_2;1;;;http://www.snam.it/en/transportation/Thermal_Year_Archive/Thermal_Year_2013_2014/Info-to-users/index.html;Snam;;;1219;75;;
Menfi_MazaraDelVallo_3;;Menfi_MazaraDelVallo_3;1;;;http://www.snam.it/en/transportation/Thermal_Year_Archive/Thermal_Year_2013_2014/Info-to-users/index.html;Snam;;;1219;75;;
Messina_Montalbano_1;;Messina_Montalbano_1;1;;;http://www.snam.it/en/transportation/Thermal_Year_Archive/Thermal_Year_2013_2014/Info-to-users/index.html;Snam;;;1219;75;;
Messina_Montalbano_2;;Messina_Montalbano_2;1;;;http://www.snam.it/en/transportation/Thermal_Year_Archive/Thermal_Year_2013_2014/Info-to-users/index.html;Snam;;;1219;75;;
Messina_Montalbano_3;;Messina_Montalbano_3;1;;;http://www.snam.it/en/transportation/Thermal_Year_Archive/Thermal_Year_2013_2014/Info-to-users/index.html;Snam;;;1219;75;;
MHP;;MHP;1;2007;;https://en.wikipedia.org/wiki/South_Wales_Gas_Pipeline;Wikipedia;;317;1220;94;54.79452;
MIDAL;;MIDAL;1;1993;;https://de.wikipedia.org/wiki/MIDAL,https://www.gascade.de/netzinformationen/unser-leitungsnetz/midal/;Wikipedia;0;702;800;;35.06849;3
MIDAL;;MIDAL;1;1993;;https://de.wikipedia.org/wiki/MIDAL,https://www.gascade.de/netzinformationen/unser-leitungsnetz/midal/;Wikipedia;0;702;1000;;35.06849;3
MilfordHavenPipeline;;MilfordHavenPipeline;;;;;;;;;;;
Minerbio_Parma;;Minerbio_Parma;1;;;http://www.snam.it/en/transportation/Thermal_Year_Archive/Thermal_Year_2013_2014/Info-to-users/index.html;Snam;;;1219;75;;
Minerbio_RavennaTerra;;Minerbio_RavennaTerra;1;;;Extra;;;;762;70;;
Mira_CampagnaLupia;;Mira_CampagnaLupia;1;;;http://www.snam.it/en/transportation/Thermal_Year_Archive/Thermal_Year_2013_2014/Info-to-users/index.html;Snam;;;762;70;;
Moffat_Brighthouse;;Moffat_Brighthouse;;;;;;;;;;;
MoggioUdinesse_Pontebba_1;;MoggioUdinesse_Pontebba_1;1;;;http://www.snam.it/en/transportation/Thermal_Year_Archive/Thermal_Year_2013_2014/Info-to-users/index.html;Snam;;;914.4;58;;
MoggioUdinesse_Pontebba_2;;MoggioUdinesse_Pontebba_2;1;;;http://www.snam.it/en/transportation/Thermal_Year_Archive/Thermal_Year_2013_2014/Info-to-users/index.html;Snam;;;1066.8;70;;
MoggioUdinesse_Pontebba_3;;MoggioUdinesse_Pontebba_3;1;;;http://www.snam.it/en/transportation/Thermal_Year_Archive/Thermal_Year_2013_2014/Info-to-users/index.html;Snam;;;1219;75;;
Moliterno_Lauria_1;;Moliterno_Lauria_1;1;;;http://www.snam.it/en/transportation/Thermal_Year_Archive/Thermal_Year_2013_2014/Info-to-users/index.html;Snam;;;1219;75;;
Moliterno_Lauria_2;;Moliterno_Lauria_2;1;;;http://www.snam.it/en/transportation/Thermal_Year_Archive/Thermal_Year_2013_2014/Info-to-users/index.html;Snam;;;1219;75;;
Moliterno_MontesanoSullaMarcellana_1;;Moliterno_MontesanoSullaMarcellana_1;1;;;http://www.snam.it/en/transportation/Thermal_Year_Archive/Thermal_Year_2013_2014/Info-to-users/index.html;Snam;;;1219;75;;
Moliterno_MontesanoSullaMarcellana_2;;Moliterno_MontesanoSullaMarcellana_2;1;;;http://www.snam.it/en/transportation/Thermal_Year_Archive/Thermal_Year_2013_2014/Info-to-users/index.html;Snam;;;1219;75;;
Monaco;;Monaco;1;;;Y:\SciGRID_gas\AusTausch\AP5 - Vergleich&Validierung\AP5.3 - SciGrid-Gas Validierung\MetaData\Leitungen\Deutschland\Monaco;;;;;;;
Montalbano_GaglianoSparacollo_1;;Montalbano_GaglianoSparacollo_1;1;;;http://www.snam.it/en/transportation/Thermal_Year_Archive/Thermal_Year_2013_2014/Info-to-users/index.html;Snam;;;1219;75;;
Montalbano_GaglianoSparacollo_2;;Montalbano_GaglianoSparacollo_2;1;;;http://www.snam.it/en/transportation/Thermal_Year_Archive/Thermal_Year_2013_2014/Info-to-users/index.html;Snam;;;1219;75;;
Montalbano_GaglianoSparacollo_3;;Montalbano_GaglianoSparacollo_3;1;;;http://www.snam.it/en/transportation/Thermal_Year_Archive/Thermal_Year_2013_2014/Info-to-users/index.html;Snam;;;1219;75;;
Montesa_Ibiza;;Montesa_Ibiza;1;;;Extra;;;;;;;
Montesa_Tivisa;;Montesa_Tivisa;1;;;Extra;;;;;;;
MontesanoSullaMarcellana_Melizzano_1;;MontesanoSullaMarcellana_Melizzano_1;1;;;http://www.snam.it/en/transportation/Thermal_Year_Archive/Thermal_Year_2013_2014/Info-to-users/index.html;Snam;;;1219;75;;
MontesanoSullaMarcellana_Melizzano_2;;MontesanoSullaMarcellana_Melizzano_2;1;;;http://www.snam.it/en/transportation/Thermal_Year_Archive/Thermal_Year_2013_2014/Info-to-users/index.html;Snam;;;1219;75;;
Montoir_Donges_Extra;;Montoir_Donges_Extra;1;;;Extra;;;;;;;
MontoirDeBretagne_Paris;;MontoirDeBretagne_Paris;1;;;https://theodora.com/pipelines/france_and_belgium_pipelines.html;theodora;;350;914;;;
Morano_Tarsia_1;;Morano_Tarsia_1;1;;;http://www.snam.it/en/transportation/Thermal_Year_Archive/Thermal_Year_2013_2014/Info-to-users/index.html;Snam;;;1219;75;;
Morano_Tarsia_2;;Morano_Tarsia_2;1;;;http://www.snam.it/en/transportation/Thermal_Year_Archive/Thermal_Year_2013_2014/Info-to-users/index.html;Snam;;;1219;75;;
Morano_Tarsia_3;;Morano_Tarsia_3;1;;;http://www.snam.it/en/transportation/Thermal_Year_Archive/Thermal_Year_2013_2014/Info-to-users/index.html;Snam;;;1219;75;;
Mortara_Alessandria_1;;Mortara_Alessandria_1;1;;;http://www.snam.it/en/transportation/Thermal_Year_Archive/Thermal_Year_2013_2014/Info-to-users/index.html;Snam;;;762;70;;
Mortara_Alessandria_2;;Mortara_Alessandria_2;1;;;http://www.snam.it/en/transportation/Thermal_Year_Archive/Thermal_Year_2013_2014/Info-to-users/index.html;Snam;;;609.6;64;;
Mortara_Cervignano_1;;Mortara_Cervignano_1;1;;;http://www.snam.it/en/transportation/Thermal_Year_Archive/Thermal_Year_2013_2014/Info-to-users/index.html;Snam;;;762;70;;
Mortara_Cervignano_2;;Mortara_Cervignano_2;1;;;http://www.snam.it/en/transportation/Thermal_Year_Archive/Thermal_Year_2013_2014/Info-to-users/index.html;Snam;;;1219;75;;
Nabucco;;Nabucco;1;-999;-999;https://de.wikipedia.org/wiki/Baumgarten_an_der_March;Wikipedia;;1.33;1220;;27.39726;
Nancy_Bourbonne;;Nancy_Bourbonne;1;;;E25;theodora;;;;;;
Nancy_Lyon;;Nancy_Lyon;1;;;https://theodora.com/pipelines/france_and_belgium_pipelines.html;theodora;;;;;;
Nancy_Strasbourg;;Nancy_Strasbourg;1;;;https://theodora.com/pipelines/france_and_belgium_pipelines.html;theodora;;;;;;
NEL;Line Valve station every 15-18 km;NEL;1;2013;;https://de.wikipedia.org/wiki/NEL_(Pipeline),https://en.wikipedia.org/wiki/NEL_pipeline,https://www.fluxys.com/nel/en/NELSystemInfo/AboutNEL;Wikipedia;0;441;1422;100;54.7945;
NETRA;;NETRA;1;1999;;https://de.wikipedia.org/wiki/Norddeutsche_Erdgas-Transversale,https://en.wikipedia.org/wiki/Netra;Wikipedia;0;408;1200;;58.63013699;
Netzkupplung_Drohne;;Netzkupplung_Drohne;1;2018;;FNB_GAS_Projekte_2014_02_17_anlage_6_nep-gas-2014_projekt-steckbriefe.pdf;;;26;600;90;;
No56;;No56;1;;;Y:\SciGRID_gas\AusTausch\AP5 - Vergleich&Validierung\AP5.3 - SciGrid-Gas Validierung\MetaData\Kompressoren\Deutschland\Rixfeld;;;;;;;
No57;;No57;1;;;Y:\SciGRID_gas\AusTausch\AP5 - Vergleich&Validierung\AP5.3 - SciGrid-Gas Validierung\MetaData\Kompressoren\Deutschland\Rixfeld;;;;;;;
No83;;No83;1;;;Y:\SciGRID_gas\AusTausch\AP5 - Vergleich&Validierung\AP5.3 - SciGrid-Gas Validierung\MetaData\Kompressoren\Deutschland\Rixfeld;;;;;;;
Nordschwarzwaldleitung;;Nordschwarzwaldleitung;1;2016;;FNB_GAS_Projekte_2014_02_17_anlage_6_nep-gas-2014_projekt-steckbriefe.pdf;;;71;600;80;;
NOWAL;;NOWAL;1;;;https://www.gascade.de/presse/presseinformationen/pressemitt,http://www.friedrich-vorwerk.de/de/aktuell/projekte/neubau-nowal-dn-1000.htmleilung/news/bau-der-nord-west-anbindungsleitung-nowal-startet-anfang-maerz/;GasCade;;26;1000;100;;
NWP;;NWP;1;2006;;North-West Pipeline;;;112;450;;;
Oltrona_Bizzarone;;Oltrona_Bizzarone;1;;;http://www.snam.it/en/transportation/Thermal_Year_Archive/Thermal_Year_2013_2014/Info-to-users/index.html;Snam;;;305;24;;
OPAL_Nord;Rohrdicke 22.3 mm;OPAL_Nord;1;2011;;https://de.wikipedia.org/wiki/OPAL_(Pipeline),https://en.wikipedia.org/wiki/OPAL_pipeline,https://www.opal-gastransport.de/netzinformationen/ostsee-pipeline-anbindungsleitung/;Wikipedia;0;215;1400;100;100;
OPAL_Sued;Rohrdicke 22.3 mm;OPAL_Sued;1;2011;;https://de.wikipedia.org/wiki/OPAL_(Pipeline),https://en.wikipedia.org/wiki/OPAL_pipeline,https://www.opal-gastransport.de/netzinformationen/ostsee-pipeline-anbindungsleitung/;Wikipedia;0;215;1400;100;100;
Oricola_Ciciliano;;Oricola_Ciciliano;1;;;http://www.snam.it/en/transportation/Thermal_Year_Archive/Thermal_Year_2013_2014/Info-to-users/index.html;Snam;;;660;75;;
Oricola_Sulmona;;Oricola_Sulmona;1;;;http://www.snam.it/en/transportation/Thermal_Year_Archive/Thermal_Year_2013_2014/Info-to-users/index.html;Snam;;;1219;75;;
Oviedo_Tuy;;Oviedo_Tuy;1;;;http://www.emplpipeline.com/en/the-gas-pipeline/,Extra bei Hand;EMPL;;;;;;
Palagiano_Bernalda_1;;Palagiano_Bernalda_1;1;;;http://www.snam.it/en/transportation/Thermal_Year_Archive/Thermal_Year_2013_2014/Info-to-users/index.html;Snam;;;508;70;;
Palagiano_Bernalda_2;;Palagiano_Bernalda_2;1;;;http://www.snam.it/en/transportation/Thermal_Year_Archive/Thermal_Year_2013_2014/Info-to-users/index.html;Snam;;;1066.8;75;;
Palagiano_Latiano_1;;Palagiano_Latiano_1;1;;;http://www.snam.it/en/transportation/Thermal_Year_Archive/Thermal_Year_2013_2014/Info-to-users/index.html;Snam;;;457;70;;
Palagiano_Latiano_2;;Palagiano_Latiano_2;1;;;http://www.snam.it/en/transportation/Thermal_Year_Archive/Thermal_Year_2013_2014/Info-to-users/index.html;Snam;;;1066.8;75;;
Palmi_Messina_1;;Palmi_Messina_1;1;;;http://www.snam.it/en/transportation/Thermal_Year_Archive/Thermal_Year_2013_2014/Info-to-users/index.html;Snam;;;660.4;115;;
Palmi_Messina_2;;Palmi_Messina_2;1;;;http://www.snam.it/en/transportation/Thermal_Year_Archive/Thermal_Year_2013_2014/Info-to-users/index.html;Snam;;;660.4;115;;
Parma_Cortemaggiore;;Parma_Cortemaggiore;1;;;http://www.snam.it/en/transportation/Thermal_Year_Archive/Thermal_Year_2013_2014/Info-to-users/index.html;Snam;;;1219;75;;
Parma_Pontremoli;;Parma_Pontremoli;1;;;http://www.snam.it/en/transportation/Thermal_Year_Archive/Thermal_Year_2013_2014/Info-to-users/index.html;Snam;;;762;75;;
PassoGries_Masera;;PassoGries_Masera;1;;;http://www.snam.it/en/transportation/Thermal_Year_Archive/Thermal_Year_2013_2014/Info-to-users/index.html;Snam;;;1219;75;;
PENTA_West;;PENTA_West;1;;;https://de.wikipedia.org/wiki/Penta-West;Wikipedia;;95;700;70;;
Peterborough_Churchover;;Peterborough_Churchover;;;;;;;;;;;
Pinto_Roccasecca;;Pinto_Roccasecca;1;;;http://www.snam.it/en/transportation/Thermal_Year_Archive/Thermal_Year_2013_2014/Info-to-users/index.html;Snam;;;508;;;
Pitgam_Maldegem;;Pitgam_Maldegem;1;2016;;Y:\SciGRID_gas\AusTausch\AP5 - Vergleich&Validierung\AP5.3 - SciGrid-Gas Validierung\Pipelines\Pitgam_Maldegem;;1;98;900;85;21.917808;
PoggioRenatico_Cortemaggiore;;PoggioRenatico_Cortemaggiore;1;;;http://www.snam.it/en/transportation/Thermal_Year_Archive/Thermal_Year_2013_2014/Info-to-users/index.html;Snam;;;1066.8;75;;
PoggioRenatico_Minerbio_1;;PoggioRenatico_Minerbio_1;1;;;http://www.snam.it/en/transportation/Thermal_Year_Archive/Thermal_Year_2013_2014/Info-to-users/index.html;Snam;;;863.6;70;;
PoggioRenatico_Minerbio_2;;PoggioRenatico_Minerbio_2;1;;;http://www.snam.it/en/transportation/Thermal_Year_Archive/Thermal_Year_2013_2014/Info-to-users/index.html;Snam;;;1066.8;75;;
Poirino_Alessandria;;Poirino_Alessandria;1;;;http://www.snam.it/en/transportation/Thermal_Year_Archive/Thermal_Year_2013_2014/Info-to-users/index.html;Snam;;;558.8;58;;
PolandLithuania;;PolandLithuania;1;2022;;http://interfaxenergy.com/article/19138/lng-better-than-norway-pipeline-ex-polish-pm;;;;;;6.3;
PolandSlovakiaInterconnector;;PolandSlovakiaInterconnector;1;2020;;http://interfaxenergy.com/article/19138/lng-better-than-norway-pipeline-ex-polish-pm;;1;;1000;84;12.877;
PolandUkrainInterconnector;;PolandUkrainInterconnector;1;2025;;http://interfaxenergy.com/article/19138/lng-better-than-norway-pipeline-ex-polish-pm;;1;;;;21.92;
Pontebba_Malbroghetto_1;;Pontebba_Malbroghetto_1;1;;;http://www.snam.it/en/transportation/Thermal_Year_Archive/Thermal_Year_2013_2014/Info-to-users/index.html;Snam;;;1066.8;75;;
Pontebba_Malbroghetto_2;;Pontebba_Malbroghetto_2;1;;;http://www.snam.it/en/transportation/Thermal_Year_Archive/Thermal_Year_2013_2014/Info-to-users/index.html;Snam;;;1219;70;;
Pontremoli_LaSpezia;;Pontremoli_LaSpezia;1;;;http://www.snam.it/en/transportation/Thermal_Year_Archive/Thermal_Year_2013_2014/Info-to-users/index.html;Snam;;;762;70;;
PortoViro_Cavarzere;;PortoViro_Cavarzere;1;;;http://www.snam.it/en/transportation/Thermal_Year_Archive/Thermal_Year_2013_2014/Info-to-users/index.html;Snam;;;762;;;
Puertollano_Madrid;;Puertollano_Madrid;1;;;Extra;;;;;;;
Quarnstedt_Hamburg;;Quarnstedt_Hamburg;1;;;Extra;;;;;;;
RavennaMare_Rubicone;;RavennaMare_Rubicone;1;;;http://www.snam.it/en/transportation/Thermal_Year_Archive/Thermal_Year_2013_2014/Info-to-users/index.html;Snam;;;660;70;;
RavennaTerra_Casalborsetti_1;;RavennaTerra_Casalborsetti_1;1;;;http://www.snam.it/en/transportation/Thermal_Year_Archive/Thermal_Year_2013_2014/Info-to-users/index.html;Snam;;;609.6;70;;
RavennaTerra_Casalborsetti_2;;RavennaTerra_Casalborsetti_2;1;;;http://www.snam.it/en/transportation/Thermal_Year_Archive/Thermal_Year_2013_2014/Info-to-users/index.html;Snam;;;609.6;70;;
RavennaTerra_RavennaMare_1;;RavennaTerra_RavennaMare_1;1;;;http://www.snam.it/en/transportation/Thermal_Year_Archive/Thermal_Year_2013_2014/Info-to-users/index.html;Snam;;;609.6;70;;
RavennaTerra_RavennaMare_2;;RavennaTerra_RavennaMare_2;1;;;http://www.snam.it/en/transportation/Thermal_Year_Archive/Thermal_Year_2013_2014/Info-to-users/index.html;Snam;;;330;24;;
Recanati_Chieti;;Recanati_Chieti;1;;;http://www.snam.it/en/transportation/Thermal_Year_Archive/Thermal_Year_2013_2014/Info-to-users/index.html;Snam;;;660.4;54;;
Recanati_Foligno;;Recanati_Foligno;1;;;http://www.snam.it/en/transportation/Thermal_Year_Archive/Thermal_Year_2013_2014/Info-to-users/index.html;Snam;;;609.6;70;;
ReggioCalabria_Messina_1;;ReggioCalabria_Messina_1;1;;;http://www.snam.it/en/transportation/Thermal_Year_Archive/Thermal_Year_2013_2014/Info-to-users/index.html;Snam;;;508;115;;
ReggioCalabria_Messina_2;;ReggioCalabria_Messina_2;1;;;http://www.snam.it/en/transportation/Thermal_Year_Archive/Thermal_Year_2013_2014/Info-to-users/index.html;Snam;;;508;115;;
ReggioCalabria_Messina_3;;ReggioCalabria_Messina_3;1;;;http://www.snam.it/en/transportation/Thermal_Year_Archive/Thermal_Year_2013_2014/Info-to-users/index.html;Snam;;;508;115;;
Rende_MaidaSEufemia_1;;Rende_MaidaSEufemia_1;1;;;http://www.snam.it/en/transportation/Thermal_Year_Archive/Thermal_Year_2013_2014/Info-to-users/index.html;Snam;;;1219;75;;
Rende_MaidaSEufemia_2;;Rende_MaidaSEufemia_2;1;;;http://www.snam.it/en/transportation/Thermal_Year_Archive/Thermal_Year_2013_2014/Info-to-users/index.html;Snam;;;1219;75;;
Rende_MaidaSEufemia_3;;Rende_MaidaSEufemia_3;1;;;http://www.snam.it/en/transportation/Thermal_Year_Archive/Thermal_Year_2013_2014/Info-to-users/index.html;Snam;;;1219;75;;
Rheinfeld_Wallbach_Extra;;Rheinfeld_Wallbach_Extra;1;;;Extra;;;;;;;
RHG;;RHG;1;1994;;https://de.wikipedia.org/wiki/Rehden-Hamburg-Gasleitung,https://en.wikipedia.org/wiki/Rehden%E2%80%93Hamburg_gas_pipeline;Wikipedia;0;132;800;84;;
Rimini_Sansepolcro;;Rimini_Sansepolcro;1;;;http://www.snam.it/en/transportation/Thermal_Year_Archive/Thermal_Year_2013_2014/Info-to-users/index.html;Snam;;;660;70;;
Ripalta_Cortemaggiore_1;;Ripalta_Cortemaggiore_1;1;;;http://www.snam.it/en/transportation/Thermal_Year_Archive/Thermal_Year_2013_2014/Info-to-users/index.html;Snam;;;1219;75;;
Ripalta_Cortemaggiore_2;;Ripalta_Cortemaggiore_2;1;;;http://www.snam.it/en/transportation/Thermal_Year_Archive/Thermal_Year_2013_2014/Info-to-users/index.html;Snam;;;762;70;;
Roussines_Paris;;Roussines_Paris;1;;;Extra;;;;;;;
Rubicone_Rimini;;Rubicone_Rimini;1;;;http://www.snam.it/en/transportation/Thermal_Year_Archive/Thermal_Year_2013_2014/Info-to-users/index.html;Snam;;;660;70;;
Salzwedel_Berlin;;Salzwedel_Berlin;1;;;Verbindungsstueck von NETRA nach Berlin;;;;;;;
Salzwedel_Berlin_Extra;;Salzwedel_Berlin_Extra;1;;;Extra;;;;;;;
Sansepolcro_TerranuovaBracc;;Sansepolcro_TerranuovaBracc;1;;;http://www.snam.it/en/transportation/Thermal_Year_Archive/Thermal_Year_2013_2014/Info-to-users/index.html;Snam;;;609.6;70;;
Santander_Avilles;;Santander_Avilles;1;;;https://theodora.com/pipelines/france_and_belgium_pipelines.html,E88;theodora;;;;;;
Schwandorf_Forchheim;;Schwandorf_Forchheim;1;2018;;FNB_GAS_Projekte_2014_02_17_anlage_6_nep-gas-2014_projekt-steckbriefe.pdf;;;62;1000;100;;
Scunthorpe_Carnforth;;Scunthorpe_Carnforth;;;;;;;;;;;
Scunthorpe_Easington;;Scunthorpe_Easington;;;;;;;;;;;
Scunthorpe_Hatton;;Scunthorpe_Hatton;;;;;;;;;;;
Sergnano_Cremona;;Sergnano_Cremona;1;;;http://www.snam.it/en/transportation/Thermal_Year_Archive/Thermal_Year_2013_2014/Info-to-users/index.html;Snam;;;1219;75;;
Sergnano_Vigasio;;Sergnano_Vigasio;1;;;http://www.snam.it/en/transportation/Thermal_Year_Archive/Thermal_Year_2013_2014/Info-to-users/index.html;Snam;;;863.6;58;;
Serrablo_Barcelona;;Serrablo_Barcelona;1;;;https://theodora.com/pipelines/france_and_belgium_pipelines.html;theodora;;;;;;
Settala_Monza;;Settala_Monza;1;;;http://www.snam.it/en/transportation/Thermal_Year_Archive/Thermal_Year_2013_2014/Info-to-users/index.html;Snam;;;914;24;;
Setubal_Leira;;Setubal_Leira;1;;;https://theodora.com/pipelines/france_and_belgium_pipelines.html,E65;theodora;;179;711;;;
SNIP;;SNIP;1;1996;;https://en.wikipedia.org/wiki/Scotland-Northern_Ireland_pipeline,E127 Scotland-Northern Ireland pipeline, from Scotland to Ireland;Wikipedia;0;135;610;75;7.945205;
SNP;;SNP;1;;;South-North Pipeline;;;156;;;;
SOL;;SOL;1;;;Y:\SciGRID_gas\AusTausch\AP5 - Vergleich&Validierung\AP5.3 - SciGrid-Gas Validierung\Pipelines\SOL,Sued Ost Leitung Oesterreich;;;26;500;70;;
SPoloDiPiave_Flaibano_1;;SPoloDiPiave_Flaibano_1;1;;;http://www.snam.it/en/transportation/Thermal_Year_Archive/Thermal_Year_2013_2014/Info-to-users/index.html;Snam;;;914.4;58;;
SPoloDiPiave_Flaibano_2;;SPoloDiPiave_Flaibano_2;1;;;http://www.snam.it/en/transportation/Thermal_Year_Archive/Thermal_Year_2013_2014/Info-to-users/index.html;Snam;;;1219.2;75;;
SPoloDiPiave_Flaibano_3;;SPoloDiPiave_Flaibano_3;1;;;http://www.snam.it/en/transportation/Thermal_Year_Archive/Thermal_Year_2013_2014/Info-to-users/index.html;Snam;;;1066.8;70;;
St_Fergus_Bishop_Auckland;;St_Fergus_Bishop_Auckland;;;;;;;;;;;
St_Fergus_Kirriemuir;;St_Fergus_Kirriemuir;;;;;;;;;;;
STEGAL;;STEGAL;1;1993;;https://www.gascade.de/netzinformationen/unser-leitungsnetz/stegal/,https://en.wikipedia.org/wiki/STEGAL,https://de.wikipedia.org/wiki/STEGAL;GasCade;;313;800;;;3
STEGAL;;STEGAL;1;1993;;https://www.gascade.de/netzinformationen/unser-leitungsnetz/stegal/,https://en.wikipedia.org/wiki/STEGAL,https://de.wikipedia.org/wiki/STEGAL;GasCade;;313;1000;;;3
STEGAL_Loop;;STEGAL_Loop;1;2006;;https://www.gascade.de/netzinformationen/unser-leitungsnetz/stegal/;GasCade;;97;1000;;9.6;
StFergus_Birmingham;;StFergus_Birmingham;1;;;https://theodora.com/pipelines/france_and_belgium_pipelines.html,E112;theodora;;;912;;;
StFergus_Exeter;;StFergus_Exeter;1;;;https://theodora.com/pipelines/france_and_belgium_pipelines.html,E113;theodora;;;;;;
StHubert_Weissweiler;;StHubert_Weissweiler;1;2024;;FNB_GAS_Projekte_2014_02_17_anlage_6_nep-gas-2014_projekt-steckbriefe.pdf;;;95;1000;100;;
StMartin_StCezaire_1;;StMartin_StCezaire_1;1;;;https://theodora.com/pipelines/france_and_belgium_pipelines.html;theodora;;182;406;;;
StMartin_StCezaire_2;;StMartin_StCezaire_2;1;;;https://theodora.com/pipelines/france_and_belgium_pipelines.html;theodora;;182;610;;;
Stolberg_Eynatten;;Stolberg_Eynatten;1;2018;;FNB_GAS_Projekte_2014_02_17_anlage_6_nep-gas-2014_projekt-steckbriefe.pdf;;1;12;700;100;;
Stork_I_II;;Stork_I_II;1;2022;;http://interfaxenergy.com/article/19138/lng-better-than-norway-pipeline-ex-polish-pm;;;;;;27.39;
SuedDeutschland;;SuedDeutschland;1;;;;;;;;;;
TAG_1;;TAG_1;1;1965;;https://de.wikipedia.org/wiki/Trans_Austria_Gasleitung,https://en.wikipedia.org/wiki/Trans_Austria_Gas_Pipeline;Wikipedia;1;383;900;70;38.08219;
TAG_2;;TAG_2;1;1970;;https://de.wikipedia.org/wiki/Trans_Austria_Gasleitung,https://en.wikipedia.org/wiki/Trans_Austria_Gas_Pipeline;Wikipedia;1;378;1050;70;38.08219;
TAG_Loop_2;;TAG_Loop_2;1;2007;;https://de.wikipedia.org/wiki/Trans_Austria_Gasleitung,https://en.wikipedia.org/wiki/Trans_Austria_Gas_Pipeline;Wikipedia;1;376;1000;70;38.08219;
TAP;;TAP;1;2020;;https://de.wikipedia.org/wiki/Trans-Adria-Pipeline,https://en.wikipedia.org/wiki/Trans_Adriatic_Pipeline;Wikipedia;0;870;1219;;54.79452055;
Tarsia_Crotone;;Tarsia_Crotone;1;;;http://www.snam.it/en/transportation/Thermal_Year_Archive/Thermal_Year_2013_2014/Info-to-users/index.html;Snam;;;508;70;;
Tarsia_Rende_1;;Tarsia_Rende_1;1;;;http://www.snam.it/en/transportation/Thermal_Year_Archive/Thermal_Year_2013_2014/Info-to-users/index.html;Snam;;;1219;75;;
Tarsia_Rende_2;;Tarsia_Rende_2;1;;;http://www.snam.it/en/transportation/Thermal_Year_Archive/Thermal_Year_2013_2014/Info-to-users/index.html;Snam;;;1219;75;;
Tarsia_Rende_3;;Tarsia_Rende_3;1;;;http://www.snam.it/en/transportation/Thermal_Year_Archive/Thermal_Year_2013_2014/Info-to-users/index.html;Snam;;;1219;75;;
Teesside_BishopAuckland;;Teesside_BishopAuckland;;;;;;;;;;;
TENP;;TENP;1;1975;;https://de.wikipedia.org/wiki/Trans-Europa-Naturgas-Pipeline;Wikipedia;1;500;900;;42.4657;
TENP;;TENP;1;1975;;https://de.wikipedia.org/wiki/Trans-Europa-Naturgas-Pipeline;Wikipedia;1;500;950;;42.4657;
TENP_Loop;;TENP_Loop;1;2006;;https://de.wikipedia.org/wiki/Trans-Europa-Naturgas-Pipeline;Wikipedia;1;500;900;;;
TENP_Loop;;TENP_Loop;1;2006;;https://de.wikipedia.org/wiki/Trans-Europa-Naturgas-Pipeline;Wikipedia;1;500;1000;;;
TerranuovaBracc_GalleseCivitaCast_1;;TerranuovaBracc_GalleseCivitaCast_1;1;;;http://www.snam.it/en/transportation/Thermal_Year_Archive/Thermal_Year_2013_2014/Info-to-users/index.html;Snam;;;1219;75;;
TerranuovaBracc_GalleseCivitaCast_2;;TerranuovaBracc_GalleseCivitaCast_2;1;;;http://www.snam.it/en/transportation/Thermal_Year_Archive/Thermal_Year_2013_2014/Info-to-users/index.html;Snam;;;1066.8;75;;
TerranuovaBracc_Livorno;;TerranuovaBracc_Livorno;1;;;http://www.snam.it/en/transportation/Thermal_Year_Archive/Thermal_Year_2013_2014/Info-to-users/index.html;Snam;;;508;75;;
Terxanne_Annecy_1;;Terxanne_Annecy_1;1;;;https://theodora.com/pipelines/france_and_belgium_pipelines.html;theodora;;;406;;;
Terxanne_Annecy_2;;Terxanne_Annecy_2;1;;;https://theodora.com/pipelines/france_and_belgium_pipelines.html;theodora;;;508;;;
Theddlethorpe_Hatton;;Theddlethorpe_Hatton;;;;;;;;;;;
Tivisa_Barcelona;;Tivisa_Barcelona;1;;;Extra;;;;;;;
Tivisa_VillarDeArnedo;;Tivisa_VillarDeArnedo;1;;;Extra;;;;;;;
Transgas;;Transgas;1;;;https://de.wikipedia.org/wiki/Transgas-Pipeline,Extra;Wikipedia;;;900;;;
Transitgas_1;;Transitgas_1;1;1974;;https://en.wikipedia.org/wiki/Transitgas_Pipeline,transitgassystem_en.gif,https://web.archive.org/web/20070808033932/http://www.swissgas.ch/en/3_2.php;Wikipedia;;71;900;67.5;95.8904;
Transitgas_2;;Transitgas_2;1;2002;;https://en.wikipedia.org/wiki/Transitgas_Pipeline,transitgassystem_en.gif,https://web.archive.org/web/20070808033932/http://www.swissgas.ch/en/3_2.php;Wikipedia;;94;1200;75;95.8904;
Transitgas_3;;Transitgas_3;1;1994;;https://en.wikipedia.org/wiki/Transitgas_Pipeline,transitgassystem_en.gif,https://web.archive.org/web/20070808033932/http://www.swissgas.ch/en/3_2.php;Wikipedia;;35;900;67.5;;
Transitgas_4;;Transitgas_4;1;2002;;https://en.wikipedia.org/wiki/Transitgas_Pipeline,transitgassystem_en.gif,https://web.archive.org/web/20070808033932/http://www.swissgas.ch/en/3_2.php;Wikipedia;;38;1200;67.5;;
Transitgas_Frankreich;;Transitgas_Frankreich;1;2001;;https://en.wikipedia.org/wiki/Transitgas_Pipeline,https://web.archive.org/web/20070808033932/http://www.swissgas.ch/en/3_2.php;Wikipedia;;55;900;67.5;;
Transitgas_Frankreich_Extra;;Transitgas_Frankreich_Extra;1;;;Extra;;;;;;;
Tuy_Braga;;Tuy_Braga;1;;;https://theodora.com/pipelines/france_and_belgium_pipelines.html,E91;theodora;;75;510;;;
Valladolid_Palancares;;Valladolid_Palancares;1;;;Extra;;;;;;;
Varosfoeld_Slobodnica;;Varosfoeld_Slobodnica;1;;;https://en.wikipedia.org/wiki/V%C3%A1rosf%C3%B6ld%E2%80%93Slobodnica_pipeline;Wikipedia;1;293;800;75;;
Varosfoeld_Slobodnica;;Varosfoeld_Slobodnica;1;;;Extra;;;;;;;
Vastogirardi_Campochiaro_1;;Vastogirardi_Campochiaro_1;1;;;http://www.snam.it/en/transportation/Thermal_Year_Archive/Thermal_Year_2013_2014/Info-to-users/index.html;Snam;;;1219;75;;
Vastogirardi_Campochiaro_2;;Vastogirardi_Campochiaro_2;1;;;http://www.snam.it/en/transportation/Thermal_Year_Archive/Thermal_Year_2013_2014/Info-to-users/index.html;Snam;;;1219;75;;
Vastogirardi_Sulmona_1;;Vastogirardi_Sulmona_1;1;;;http://www.snam.it/en/transportation/Thermal_Year_Archive/Thermal_Year_2013_2014/Info-to-users/index.html;Snam;;;1219;75;;
Vastogirardi_Sulmona_2;;Vastogirardi_Sulmona_2;1;;;http://www.snam.it/en/transportation/Thermal_Year_Archive/Thermal_Year_2013_2014/Info-to-users/index.html;Snam;;;1219;75;;
Veruno_Golasecca;;Veruno_Golasecca;1;;;http://www.snam.it/en/transportation/Thermal_Year_Archive/Thermal_Year_2013_2014/Info-to-users/index.html;Snam;;;610;70;;
Veruno_Mortara_1;;Veruno_Mortara_1;1;;;http://www.snam.it/en/transportation/Thermal_Year_Archive/Thermal_Year_2013_2014/Info-to-users/index.html;Snam;;;860;55;;
Veruno_Mortara_2;;Veruno_Mortara_2;1;;;http://www.snam.it/en/transportation/Thermal_Year_Archive/Thermal_Year_2013_2014/Info-to-users/index.html;Snam;;;1219;75;;
Vigasio_Trento;;Vigasio_Trento;1;;;http://www.snam.it/en/transportation/Thermal_Year_Archive/Thermal_Year_2013_2014/Info-to-users/index.html;Snam;;;304.8;64;;
Vigasio_Zimella;;Vigasio_Zimella;1;;;http://www.snam.it/en/transportation/Thermal_Year_Archive/Thermal_Year_2013_2014/Info-to-users/index.html;Snam;;;863.6;58;;
VillarDeArnedo_Burgos;;VillarDeArnedo_Burgos;1;;;Extra;;;;;;;
VillarDeArnedo_Navarra;;VillarDeArnedo_Navarra;1;;;Extra;;;;;;;
Villesse_Gorizia;;Villesse_Gorizia;1;;;http://www.snam.it/en/transportation/Thermal_Year_Archive/Thermal_Year_2013_2014/Info-to-users/index.html;Snam;;;1066.8;75;;
Voigtslach_Paffrath;;Voigtslach_Paffrath;0;2023;;FNB_GAS_Projekte_2014_02_17_anlage_6_nep-gas-2014_projekt-steckbriefe.pdf;;;23.2;900;70;;
WAG;;WAG;1;1980;;https://de.wikipedia.org/wiki/West-Austria-Gasleitung;Wikipedia;;245;800;70;;
WAG_E;;WAG_E;1;2013;;https://www.habau.at/de/projekte/erdgasleitung-wag-expansion-3;Habau;1;63;1200;90;;
WAG_PLUS_600_1;;WAG_PLUS_600_1;1;2007;;https://www.habau.at/de/projekte/erdgasleitung-wag-plus-600-phase-1;Habau;1;41;1200;90;;
WAG_PLUS_600_2;;WAG_PLUS_600_2;1;2007;;https://www.habau.at/de/projekte/erdgasleitung-wag-plus-600-phase-1;Habau;1;2.9;1200;90;;
Warrington_Burton_Point;;Warrington_Burton_Point;;;;;;;;;;;
WEDAL;;WEDAL;1;1998;;https://de.wikipedia.org/wiki/WEDAL,https://www.gascade.de/netzinformationen/unser-leitungsnetz/wedal/;Wikipedia;0;319;800;;27.39726;2
Wisbech_Hatton;;Wisbech_Hatton;;;;;;;;;;;
Wisbech_Kings;;Wisbech_Kings;;;;;;;;;;;
Wisbech_Peterborough;;Wisbech_Peterborough;;;;;;;;;;;
Wooler_BishopAuckland;;Wooler_BishopAuckland;;;;;;;;;;;
Wormington_Avonmouth;;Wormington_Avonmouth;;;;;;;;;;;
Wormington_Felindre;;Wormington_Felindre;;;;;;;;;;;
ZaharaDeLosAtunes_Cordoba;;ZaharaDeLosAtunes_Cordoba;1;;;http://www.emplpipeline.com/en/the-gas-pipeline/,Extra;EMPL;;;;;;
Zamora_Oviedo;;Zamora_Oviedo;1;;;http://www.emplpipeline.com/en/the-gas-pipeline/,Extra;EMPL;;;;;;
Zamora_Valladolid;;Zamora_Valladolid;1;;;E74;theodora;;;;;;
Zimella_Istrana_1;;Zimella_Istrana_1;1;;;http://www.snam.it/en/transportation/Thermal_Year_Archive/Thermal_Year_2013_2014/Info-to-users/index.html;Snam;;;863.6;58;;
Zimella_Istrana_2;;Zimella_Istrana_2;1;;;http://www.snam.it/en/transportation/Thermal_Year_Archive/Thermal_Year_2013_2014/Info-to-users/index.html;Snam;;;1066.8;70;;
Zimella_Istrana_3;;Zimella_Istrana_3;1;;;http://www.snam.it/en/transportation/Thermal_Year_Archive/Thermal_Year_2013_2014/Info-to-users/index.html;Snam;;;1422.4;75;;
Zimella_PoggioRenatico_1;;Zimella_PoggioRenatico_1;1;;;http://www.snam.it/en/transportation/Thermal_Year_Archive/Thermal_Year_2013_2014/Info-to-users/index.html;Snam;;;1219;75;;
Zimella_PoggioRenatico_2;;Zimella_PoggioRenatico_2;1;;;http://www.snam.it/en/transportation/Thermal_Year_Archive/Thermal_Year_2013_2014/Info-to-users/index.html;Snam;;;863;70;;
