id;comment;comp_id;start_year;end_year;source;license;operator_name;pipe_name;is_H_gas;max_cap_M_m3_per_h;max_pressure_bar;max_power_MW;num_turb;turbine_fuel_isGas_1;turbine_type_1;turbine_power_1_MW;turbine_fuel_isGas_2;turbine_type_2;turbine_power_2_MW;turbine_fuel_isGas_3;turbine_type_3;turbine_power_3_MW;turbine_fuel_isGas_4;turbine_type_4;turbine_power_4_MW;turbine_fuel_isGas_5;turbine_type_5;turbine_power_5_MW;turbine_fuel_isGas_6;turbine_type_6;turbine_power_6_MW
TEXT;TEXT;TEXT;INT;INT;TEXT;TEXT;TEXT;TEXT;INT;REAL;REAL;REAL;INT;INT;TEXT;REAL;INT;TEXT;REAL;INT;TEXT;REAL;INT;TEXT;REAL;INT;TEXT;REAL;INT;TEXT;REAL
[];[];[];[YYYY];[YYYY];[];[];[];[];[];[Mm^3/h];[bar];[MW];[num];[boolean];[];[MW];[boolean];[];[MW];[boolean];[];[MW];[boolean];[];[MW];[boolean];[];[MW];[boolean];[];[MW]
Aberdeen;;Aberdeen;;;Googlemaps;;;;1;;;;;;;;;;;;;;;;;;;;;;
Achim;;Achim;;;;;;;1;;;;;;;;;;;;;;;;;;;;;;
Ajdovscina;;Ajdovscina;;;;;;;1;;;;;;;;;;;;;;;;;;;;;;
AlcazarDeSanJuan;Compressorzahl installed capacity, authorised flow in dokument fuer Spanien;AlcazarDeSanJuan;;;https://www.enagas.es/stfls/ENAGAS/Transporte%20de%20Gas/Documentos/CAT_English.pdf;;;;1;;;;;;;;;;;;;;;;;;;;;;
Aleksandrovka;;Aleksandrovka;;;;;;;1;;;;;;;;;;;;;;;;;;;;;;
Algete;;Algete;;;https://www.enagas.es/stfls/ENAGAS/Transporte%20de%20Gas/Documentos/CAT_English.pdf;;;;1;;;;;;;;;;;;;;;;;;;;;;
Almendralejo;;Almendralejo;;;https://www.enagas.es/stfls/ENAGAS/Transporte%20de%20Gas/Documentos/CAT_English.pdf;;;;1;;;;;;;;;;;;;;;;;;;;;;
Alphen;;Alphen;;;;;;;1;;;;;;;;;;;;;;;;;;;;;;
Alrewas;;Alrewas;1970;;https://en.wikipedia.org/wiki/National_Transmission_System;;;;1;;;21.6;2;1;Rolls-Royce Avons;;1;Rolls-Royce Avons;;;;;;;;;;;;;
Ananiev;;Ananiev;;;;;;;1;;;;;;;;;;;;;;;;;;;;;;
Wieringermeer;;Wieringermeer;;;;;;;1;1.2;90;;;0;;;;;;;;;;;;;;;;;
ArieuxEnGohelle;;ArieuxEnGohelle;;;http://www.grtgaz.com/fileadmin/plaquettes/en/2017/Essentiel-plaquette-institutionnelle-EN-2017.pdf;;;;1;;90;;;;;;;;;1;;;;;;;;;;;
Auros;;Auros;;;http://www.grtgaz.com/fileadmin/plaquettes/en/2017/Essentiel-plaquette-institutionnelle-EN-2017.pdf;;;;1;;;;;;;;;;;;;;;;;;;;;;
AuversLeHanom;;AuversLeHanom;;;http://www.grtgaz.com/fileadmin/plaquettes/en/2017/Essentiel-plaquette-institutionnelle-EN-2017.pdf;;;;1;;;;;;;;;;;;;;;;;;;;;;
Avonbridge;;Avonbridge;;;Googlemaps;;;;1;;;;;;;;;;;;;;;;;;;;;;
Avonmouth;;Avonmouth;;;Shapefile;;;;1;;;;;;;;;;;;;;;;;;;;;;
Aylesbury;;Aylesbury;;;Googlemaps;;;;1;;;;;;;;;;;;;;;;;;;;;;
Baldenheim;;Baldenheim;;;http://www.grtgaz.com/fileadmin/plaquettes/en/2017/Essentiel-plaquette-institutionnelle-EN-2017.pdf;;;;1;;;;;;;;;;;;;;;;;;;;;;
Ballylumford;;Ballylumford;;;Googlemaps;;;;1;;;;;;;;;;;;;;;;;;;;;;
Baneras;;Baneras;;;https://www.enagas.es/stfls/ENAGAS/Transporte%20de%20Gas/Documentos/CAT_English.pdf;;;;1;;;;;;;;;;;;;;;;;;;;;;
Bar;Vinnytsia region;Bar;;;;;;Soyuz;1;;;;;;;;;;;;;;;;;;;;;;
Barbaira;SC Barbaira;Barbaira;;;http://www.grtgaz.com/fileadmin/plaquettes/en/2017/Essentiel-plaquette-institutionnelle-EN-2017.pdf;;;;1;7;;;;;;;;;;;;;;;;;;;;;
Bata;;Bata;;;;;;;1;;;;;;;;;;;;;;;;;;;;;;
Bathgate;;Bathgate;1977;;https://en.wikipedia.org/wiki/National_Transmission_System;;;;1;;;47.2;4;1;Rolls-Royce Avons;;1;Rolls-Royce Avons;;1;Rolls-Royce Avons;;1;Rolls-Royce Avons;;;;;;;
Baumgarten; an der March;Baumgarten;;;;;;WAG,TAG;1;;;;;;;;;;;;;;;;;;;;;;
Berdichev;;Berdichev;;;;;;;1;;;;;;;;;;;;;;;;;;;;;;
Beregdaroc;;Beregdaroc;;;;;;;1;;;;;;;;;;;;;;;;;;;;;;
Beregovaya;;Beregovaya;;;;;;;1;;;;;;;;;;;;;;;;;;;;;;
Berneau;;Berneau;;;;;;;1;;;;;;;;;;;;;;;;;;;;;;
Beverwijk;;Beverwijk;;;;;;;1;;;;;;;;;;;;;;;;;;;;;;
Beynes;;Beynes;2015;;http://www.grtgaz.com/en/major-projects/beynes-compressor-station/presentation/news/compressor-station-at-the-beynes-site.html;;;;1;;;24.6;2;1;;12.3;1;;12.3;;;;;;;;;;;;
Bibesti;;Bibesti;2019;;;;;;1;;;;;;;;;;;;;;;;;;;;;;
BishopAuckland;;BishopAuckland;1974;;https://en.wikipedia.org/wiki/National_Transmission_System;;;;1;;;14.4;2;1;Orendas;;1;Orendas;;;;;;;;;;;;;
Bobbau;KeineFernleitung;Bobbau;;;Y:\SciGRID_gas\AusTausch\AP5 - Vergleich&Validierung\AP5.3 - SciGrid-Gas Validierung\MetaData\Kompressoren\Deutschland\Bobbau;;ONTRAS;;1;0.8;;20;2;1;;10;1;;10;;;;;;;;;;;;
Brammer;Erdgasspeicher Wolfersberg;Brammer;;;Y:\SciGRID_gas\AusTausch\AP5 - Vergleich&Validierung\AP5.3 - SciGrid-Gas Validierung\MetaData\Kompressoren\Deutschland\Brammer;;RWE DEA AG;;1;;70;15;3;0;;;0;;;0;;;;;;;;;;;
Breal;;Breal;;;http://www.grtgaz.com/fileadmin/plaquettes/en/2017/Essentiel-plaquette-institutionnelle-EN-2017.pdf;;;;1;;;;;;;;;;;;;;;;;;;;;;
Breheville;;Breheville;;;http://www.grtgaz.com/fileadmin/plaquettes/en/2017/Essentiel-plaquette-institutionnelle-EN-2017.pdf;;;;1;;;;;;;;;;;;;;;;;;;;;;
Brighthouse;;Brighthouse;;;Googlemaps;;;;1;;;;;;;;;;;;;;;;;;;;;;
Brizambourg;;Brizambourg;;;http://www.grtgaz.com/fileadmin/plaquettes/en/2017/Essentiel-plaquette-institutionnelle-EN-2017.pdf;;;;1;;;;;;;;;;;;;;;;;;;;;;
Bunde;;Bunde;;;Y:\SciGRID_gas\AusTausch\AP5 - Vergleich&Validierung\AP5.3 - SciGrid-Gas Validierung\MetaData\Kompressoren\Deutschland\Bunde;;GASCADE;;1;1.2;90;;2;0;;6.4;0;;6.4;;;;;;;;;;;;
Cambridge;;Cambridge;1974;;https://en.wikipedia.org/wiki/National_Transmission_System;;;;1;;;23;2;1;Rolls-Royce Avons;;1;Rolls-Royce Avons;;;;;;;;;;;;;
Captiex;;Captiex;;;http://www.grtgaz.com/fileadmin/plaquettes/en/2017/Essentiel-plaquette-institutionnelle-EN-2017.pdf;;;;1;;;;;;;;;;;;;;;;;;;;;;
Carnforth;;Carnforth;;;Shapefile;;;;1;;;;;;;;;;;;;;;;;;;;;;
Carregado;;Carregado;2021;;;;;;1;;;;;;;;;;;;;;;;;;;;;;
ChateauLandon;;ChateauLandon;;;http://www.grtgaz.com/fileadmin/plaquettes/en/2017/Essentiel-plaquette-institutionnelle-EN-2017.pdf;;;;1;;;;;;;;;;;;;;;;;;;;;;
Chazelles;;Chazelles;;;http://www.grtgaz.com/fileadmin/plaquettes/en/2017/Essentiel-plaquette-institutionnelle-EN-2017.pdf;;;;1;;;;;;;;;;;;;;;;;;;;;;
Chelmsford;;Chelmsford;1973;;https://en.wikipedia.org/wiki/National_Transmission_System;;;;1;;;23;2;1;Rolls-Royce Avons;;1;Rolls-Royce Avons;;;;;;;;;;;;;
Chinchilla;;Chinchilla;;;https://www.enagas.es/stfls/ENAGAS/Transporte%20de%20Gas/Documentos/CAT_English.pdf;;;;1;;;;;;;;;;;;;;;;;;;;;;
Churchover;;Churchover;1972;;https://en.wikipedia.org/wiki/National_Transmission_System;;;;1;;;18.4;3;1;Orendas;;1;Orendas;;1;Orendas;;;;;;;;;;
Ciechanow;;Ciechanow;;;;;;;1;;;;;;;;;;;;;;;;;;;;;;
Cieszyn;;Cieszyn;;;;;;;1;;;;3;;;30.1;;;30.1;;;25.4;;;;;;;;;
Cordoba;;Cordoba;;;https://www.enagas.es/stfls/ENAGAS/Transporte%20de%20Gas/Documentos/CAT_English.pdf;;;;1;;;;;;;;;;;;;;;;;;;;;;
Courthezon;;Courthezon;;;http://www.grtgaz.com/fileadmin/plaquettes/en/2017/Essentiel-plaquette-institutionnelle-EN-2017.pdf;;;;1;;;;;;;;;;;;;;;;;;;;;;
Crevillente;;Crevillente;;;https://www.enagas.es/stfls/ENAGAS/Transporte%20de%20Gas/Documentos/CAT_English.pdf;;;;1;;;;;;;;;;;;;;;;;;;;;;
Denia;;Denia;;;https://www.enagas.es/stfls/ENAGAS/Transporte%20de%20Gas/Documentos/CAT_English.pdf;;;;1;;;;;;;;;;;;;;;;;;;;;;
DierreyStJulien;;DierreyStJulien;;;http://www.grtgaz.com/fileadmin/plaquettes/en/2017/Essentiel-plaquette-institutionnelle-EN-2017.pdf;;;;1;;;;;;;;;;;;;;;;;;;;;;
Diss;;Diss;1977;;https://en.wikipedia.org/wiki/National_Transmission_System;;;;1;;;34.5;3;1;Rolls-Royce Avons;;1;Rolls-Royce Avons;;1;Rolls-Royce Avons;;;;;;;;;;
Dolyna;;Dolyna;;;;;;;1;;;;;;;;;;;;;;;;;;;;;;
Drochia;;Drochia;;;;;;;1;;;;;;;;;;;;;;;;;;;;;;
Eggendorf;;Eggendorf;;;;;;TAG;1;;;8;;;;;;;;;;;;;;;;;;;
Egtved;;Egtved;;;;;;;1;;;;;;;;;;;;;;;;;;;;;;
Eischleben;;Eischleben;;;Y:\SciGRID_gas\AusTausch\AP5 - Vergleich&Validierung\AP5.3 - SciGrid-Gas Validierung\MetaData\Kompressoren\Deutschland\Eischleben;;GASCADE;Stegal;1;1.9;90;;3;1;SGT700;30;1;SGT700;30;1;FT8;25.4;;;;;;;;;
Ellund;;Ellund;;;;;;;1;;;;;;;;;;;;;;;;;;;;;;
Elten;;Elten;;;;;;;0;;;;;;;;;;;;;;;;;;;;;;
Embsen;;Embsen;;;Y:\SciGRID_gas\AusTausch\AP5 - Vergleich&Validierung\AP5.3 - SciGrid-Gas Validierung\MetaData\Kompressoren\Deutschland\Embsen;;GasUnie;;1;0.65;100;;;;;;;;;;;;;;;;;;;;
Enna;;Enna;;;;;;;1;;;;;;;;;;;;;;;;;;;;;;
EntreDeuxGuiers;;EntreDeuxGuiers;;;http://www.grtgaz.com/fileadmin/plaquettes/en/2017/Essentiel-plaquette-institutionnelle-EN-2017.pdf;;;;1;;;;;;;;;;;;;;;;;;;;;;
Euskadour;;Euskadour;;;https://www.enagas.es/stfls/ENAGAS/Transporte%20de%20Gas/Documentos/CAT_English.pdf;;;;1;;;;;;;;;;;;;;;;;;;;;;
EvryGregy;;EvryGregy;;;http://www.grtgaz.com/fileadmin/plaquettes/en/2017/Essentiel-plaquette-institutionnelle-EN-2017.pdf;;;;1;;;;;;;;;;;;;;;;;;;;;;
Felindre;;Felindre;;;Shapefile;;;;1;;;;;;;;;;;;;;;;;;;;;;
Gallese;;Gallese;;;;;;;1;;;;;;;;;;;;;;;;;;;;;;
Gernsheim;;Gernsheim;;;http://mysolar.cat.com/cda/files/870985/7/Solar_Turbines_5000_Gas_Compressor_News_Rel_Sent.pdf;;GASCADE,GRTgaz;MEGAL,MIDAL;1;;;58;6;1;;12.5;1;;12.5;1;;12.5;1;;12.5;1;;8;;;
Goleniow;;Goleniow;;;;;;;1;;;;;;;;;;;;;;;;;;;;;;
Grafendorf;bei Hartberg;Grafendorf;;;;;;TAG;1;;;;;;;;;;;;;;;;;;;;;;
Griespass;;Griespass;;;;;;;1;;;;;;;;;;;;;;;;;;;;;;
Grijpskerk;;Grijpskerk;;;;;;;1;;;;;;;;;;;;;;;;;;;;;;
Gustorzyn;;Gustorzyn;;;;;;;1;;;;;;;;;;;;;;;;;;;;;;
Gusyatin;;Gusyatin;;;;;;;1;;;;;;;;;;;;;;;;;;;;;;
Haiming;;Haiming;;;Y:\SciGRID_gas\AusTausch\AP5 - Vergleich&Validierung\AP5.3 - SciGrid-Gas Validierung\MetaData\Kompressoren\Deutschland\Haiming;;WINGAS;;1;0.34;;20;2;1;THM1304;;0;;;;;;;;;;;;;;
Hajduszoboszlo;;Hajduszoboszlo;;;;;;;1;;;;;;;;;;;;;;;;;;;;;;
Haro;;Haro;;;https://www.enagas.es/stfls/ENAGAS/Transporte%20de%20Gas/Documentos/CAT_English.pdf;;;;1;;;;;;;;;;;;;;;;;;;;;;
HassiRMel;;HassiRMel;;;;;;;1;;;;;;;;;;;;;;;;;;;;;;
Hatton;;Hatton;;;Shapefile;;;;1;;;;;;;;;;;;;;;;;;;;;;
Hespenbusch;;Hespenbusch;;;Y:\SciGRID_gas\AusTausch\AP5 - Vergleich&Validierung\AP5.3 - SciGrid-Gas Validierung\MetaData\Kompressoren\Deutschland\Hespenbusch;;EXXON;;;0.23;;5.5;2;0;;2.75;0;;2.75;;;;;;;;;;;;
Hilvarenbeek;;Hilvarenbeek;;;;;;;1;;;;;;;;;;;;;;;;;;;;;;
HoraSvateKateriny;;HoraSvateKateriny;;;;;;;1;;;;;;;;;;;;;;;;;;;;;;
Hostim;;Hostim;;;;;;;1;;;;;;;;;;;;;;;;;;;;;;
Huegelheim;;Huegelheim;;;Y:\SciGRID_gas\AusTausch\AP5 - Vergleich&Validierung\AP5.3 - SciGrid-Gas Validierung\MetaData\Kompressoren\Deutschland\Huegelheim;;OpenGridEurop;TENP;1;;;;;;;;;;;;;;;;;;;;;;
Huntingdon;;Huntingdon;;;Shapefile;;;;1;;;;;;;;;;;;;;;;;;;;;;
Hust;;Hust;;;;;;;1;;;;;;;;;;;;;;;;;;;;;;
Ihtiman;;Ihtiman;;;;;;;1;;;;;;;;;;;;;;;;;;;;;;
Imatra;;Imatra;;;;;;;1;;;;;;;;;;;;;;;;;;;;;;
Istrana;;Istrana;;;;;;;1;;;;;;;;;;;;;;;;;;;;;;
Ivasevichi;;Ivasevichi;;;;;;;1;;;;;;;;;;;;;;;;;;;;;;
Jaroslaw;;Jaroslaw;;;;;;;1;;;;;;;;;;;;;;;;;;;;;;
Jauniunai;;Jauniunai;;;;;;;1;;;;;;;;;;;;;;;;;;;;;;
Jeleniow;;Jeleniow;;;;;;;1;;;;;;;;;;;;;;;;;;;;;;
Jupa;;Jupa;2019;;;;;;1;;;;;;;;;;;;;;;;;;;;;;
Kardam;;Kardam;;;;;;;1;;;;;;;;;;;;;;;;;;;;;;
Kasachya;;Kasachya;;;;;;;1;;;;;;;;;;;;;;;;;;;;;;
Kidricevo;;Kidricevo;;;https://www.enagas.es/stfls/ENAGAS/Transporte%20de%20Gas/Documentos/CAT_English.pdf;;;;1;;;;;;;;;;;;;;;;;;;;;;
Kings;;Kings;1973;;https://en.wikipedia.org/wiki/National_Transmission_System;;;;1;;;47.2;4;1;Rolls-Royce Avons;;1;Rolls-Royce Avons;;1;Rolls-Royce Avons;;1;Rolls-Royce Avons;;;;;;;
KipiEst;;KipiEst;;;;;;;1;;;;;;;;;;;;;;;;;;;;;;
Kipoi;;Kipoi;;;;;;;1;;;;;;;;;;;;;;;;;;;;;;
Kirchberg;Wagram;Kirchberg;;;;;;;1;;;;;;;;;;;;;;;;;;;;;;
Kirovograd;;Kirovograd;;;;;;;1;;;;;;;;;;;;;;;;;;;;;;
Kirriemuir;;Kirriemuir;1977;;https://en.wikipedia.org/wiki/National_Transmission_System;;;;1;;;47.2;4;1;Rolls-Royce Avons;;1;Rolls-Royce Avons;;1;Rolls-Royce Avons;;1;Rolls-Royce Avons;;;;;;;
Kobrin;;Kobrin;;;;;;;1;;;;;;;;;;;;;;;;;;;;;;
Kondratki;;Kondratki;;;;;;;1;;;;;;;;;;;;;;;;;;;;;;
Kouchdiet;;Kouchdiet;;;;;;Galsi;1;;;;;;;;;;;;;;;;;;;;;;
Kourim;;Kourim;;;;;;;1;;;;;;;;;;;;;;;;;;;;;;
Kouvola;;Kouvola;;;;;;;1;;;;;;;;;;;;;;;;;;;;;;
Krsilov;;Krsilov;;;;;;;1;;;;;;;;;;;;;;;;;;;;;;
Krummhoern;;Krummhoern;;;Y:\SciGRID_gas\AusTausch\AP5 - Vergleich&Validierung\AP5.3 - SciGrid-Gas Validierung\MetaData\Kompressoren\Deutschland\Krummhoern;;OpenGridEurop;;1;;100;;4;0;;13;0;;13;1;;13;1;;;;;;;;
Krupki;;Krupki;;;;;;;1;;;;;;;;;;;;;;;;;;;;;;
LaBegudeDeMazenc;;LaBegudeDeMazenc;;;http://www.grtgaz.com/fileadmin/plaquettes/en/2017/Essentiel-plaquette-institutionnelle-EN-2017.pdf;;;;1;;;;;;;;;;;;;;;;;;;;;;
Lanzhot;;Lanzhot;;;;;;;1;;;;;;;;;;;;;;;;;;;;;;
Laprade;;Laprade;;;http://www.grtgaz.com/fileadmin/plaquettes/en/2017/Essentiel-plaquette-institutionnelle-EN-2017.pdf;;;;1;;;;;;;;;;;;;;;;;;;;;;
Lippe;;Lippe;;;Y:\SciGRID_gas\AusTausch\AP5 - Vergleich&Validierung\AP5.3 - SciGrid-Gas Validierung\MetaData\Kompressoren\Deutschland\Lippe;;GASCADE;;1;1.15;100;40.8;3;1;SGT-400;12.9;1;SGT-400;12.9;1;SGT-400;15;;;;;;;;;
Lockerley;;Lockerley;;;Shapefile;;;;1;;;;;;;;;;;;;;;;;;;;;;
Lozenets;;Lozenets;;;;;;;1;;;;;;;;;;;;;;;;;;;;;;
Lubmin;;Lubmin;;;Y:\SciGRID_gas\AusTausch\AP5 - Vergleich&Validierung\AP5.3 - SciGrid-Gas Validierung\MetaData\Kompressoren\Deutschland\Greifswald;;GASCADE;NEL,OPAL;1;;105;76;;;;;;;;;;;;;;;;;;;
Malbroghetto;Compressor;Malbroghetto;;;;;;;1;;;;;;;;;;;;;;;;;;;;;;
Mallnow;;Mallnow;;;Y:\SciGRID_gas\AusTausch\AP5 - Vergleich&Validierung\AP5.3 - SciGrid-Gas Validierung\MetaData\Kompressoren\Deutschland\Mallnow;;GASCADE;Jagal;1;3.34;100;96.2;4;1;FT8;25.4;1;FT8;25.4;1;FT8;25.4;1;FT8;20;;;;;;
Mantsala;;Mantsala;;;;;;;1;;;;;;;;;;;;;;;;;;;;;;
MaraisVernier;;MaraisVernier;;;http://www.grtgaz.com/fileadmin/plaquettes/en/2017/Essentiel-plaquette-institutionnelle-EN-2017.pdf;;;;1;;;;;;;;;;;;;;;;;;;;;;
Mazerolles;;Mazerolles;;;http://www.grtgaz.com/fileadmin/plaquettes/en/2017/Essentiel-plaquette-institutionnelle-EN-2017.pdf;;;;1;;;;;;;;;;;;;;;;;;;;;;
Melizzano;;Melizzano;;;;;;;1;;;;;;;;;;;;;;;;;;;;;;
Mellitah;;Mellitah;;;;;;Greenstream;1;;;;;;;;;;;;;;;;;;;;;;
MerySurCher;;MerySurCher;;;http://www.grtgaz.com/fileadmin/plaquettes/en/2017/Essentiel-plaquette-institutionnelle-EN-2017.pdf;;;;1;;;;;;;;;;;;;;;;;;;;;;
Messina;;Messina;;;;;;;1;;;;;;;;;;;;;;;;;;;;;;
Minskaya;;Minskaya;;;;;;;1;;;;;;;;;;;;;;;;;;;;;;
MittelbrunnMEGAL;;MittelbrunnMEGAL;;;;;;MEGAL;1;;;;;;;;;;;;;;;;;;;;;;
MittelbrunnTENP;;MittelbrunnTENP;;;;;OpenGridEurop;TENP;1;;;;;;;;;;;;;;;;;;;;;;
Moffat;;Moffat;1980;;https://en.wikipedia.org/wiki/National_Transmission_System;;;;1;;;38.6;2;1;Rolls-Royce RB211s;;1;Rolls-Royce RB211s;;;;;;;;;;;;;
Montauban;;Montauban;;;http://www.grtgaz.com/fileadmin/plaquettes/en/2017/Essentiel-plaquette-institutionnelle-EN-2017.pdf;;;;1;;;;;;;;;;;;;;;;;;;;;;
Montesa;;Montesa;;;https://www.enagas.es/stfls/ENAGAS/Transporte%20de%20Gas/Documentos/CAT_English.pdf;;;;1;;;;;;;;;;;;;;;;;;;;;;
Montesano;;Montesano;;;;;;;1;;;;;;;;;;;;;;;;;;;;;;
Mosonmagyarovar;;Mosonmagyarovar;;;;;;;1;;;;;;;;;;;;;;;;;;;;;;
Navarra;;Navarra;;;https://www.enagas.es/stfls/ENAGAS/Transporte%20de%20Gas/Documentos/CAT_English.pdf;;;;1;;;;;;;;;;;;;;;;;;;;;;
NeaMessimvria;;NeaMessimvria;;;;;;;1;;;;;;;;;;;;;;;;;;;;;;
Nemesbikk;;Nemesbikk;;;;;;;1;;;;;;;;;;;;;;;;;;;;;;
Nesvizh;;Nesvizh;;;;;;;1;;;;;;;;;;;;;;;;;;;;;;
Nozay;;Nozay;;;http://www.grtgaz.com/fileadmin/plaquettes/en/2017/Essentiel-plaquette-institutionnelle-EN-2017.pdf;;;;1;;;;;;;;;;;;;;;;;;;;;;
Oberkappel;Neustift;Oberkappel;;;;;;;1;;;;;;;;;;;;;;;;;;;;;;
Odolanow;;Odolanow;;;;;;;1;;;;;;;;;;;;;;;;;;;;;;
Olbernhau;;Olbernhau;;;Y:\SciGRID_gas\AusTausch\AP5 - Vergleich&Validierung\AP5.3 - SciGrid-Gas Validierung\MetaData\Kompressoren\Deutschland\Olbernhau;;GASCADE;STEGAL;1;0.83;90;31.8;3;1;THM;9.45;1;THM;9.45;1;THM;12.9;;;;;;;;;
Olbio;;Olbio;;;;;;GALSI;1;;;;;;;;;;;;;;;;;;;;;;
Oldeboorn;;Oldeboorn;;;;;;;1;;;;;;;;;;;;;;;;;;;;;;
Ommen;;Ommen;;;;;;;1;;;;;;;;;;;;;;;;;;;;;;
Orlovka;;Orlovka;;;;;;;0;;;;;;;;;;;;;;;;;;;;;;
Orshan;Orsha;Orshan;;;;;;;1;;;;;;;;;;;;;;;;;;;;;;
Oslavou;;Oslavou;;;;;;;1;;;;;;;;;;;;;;;;;;;;;;
Palleau;;Palleau;;;http://www.grtgaz.com/fileadmin/plaquettes/en/2017/Essentiel-plaquette-institutionnelle-EN-2017.pdf;;;;1;;;;;;;;;;;;;;;;;;;;;;
Paterna;;Paterna;;;https://www.enagas.es/stfls/ENAGAS/Transporte%20de%20Gas/Documentos/CAT_English.pdf;;;;1;;;;;;;;;;;;;;;;;;;;;;
Peterborough;;Peterborough;1972;;https://en.wikipedia.org/wiki/National_Transmission_System;;;;1;;;35.4;3;1;Rolls-Royce Avons;;1;Rolls-Royce Avons;;1;Rolls-Royce Avons;;;;;;;;;;
Petrich;;Petrich;;;;;;;1;;;;;;;;;;;;;;;;;;;;;;
Pitgam;;Pitgam;;;http://www.grtgaz.com/fileadmin/plaquettes/en/2017/Essentiel-plaquette-institutionnelle-EN-2017.pdf;;;;1;;;;;;;;;;;;;;;;;;;;;;
Pnevezys;;Pnevezys;;;;;;;1;;;;;;;;;;;;;;;;;;;;;;
Podisor;;Podisor;2019;;;;;;1;;;;;;;;;;;;;;;;;;;;;;
PoggioRenatico;;PoggioRenatico;;;;;;;1;;;;;;;;;;;;;;;;;;;;;;
PolskiSenovets;;PolskiSenovets;;;;;;;1;;;;;;;;;;;;;;;;;;;;;;
Portovaya;Portovaya Bay /Vyborg;Portovaya;;;https://www.gazprom.com/f/posts/86/569604/portovaya_eng.pdf;;;;1;8;220;360;6;;;52;;;52;;;52;;;52;;;52;;;52
Porz;;Porz;;;Y:\SciGRID_gas\AusTausch\AP5 - Vergleich&Validierung\AP5.3 - SciGrid-Gas Validierung\MetaData\Kompressoren\Deutschland\Porz;;OpenGridEurop;;1;2;;100;;;;;;;;;;;;;;;;;;;
Provadiya;;Provadiya;;;;;;;1;;;;;;;;;;;;;;;;;;;;;;
Puertollano;;Puertollano;;;https://www.enagas.es/stfls/ENAGAS/Transporte%20de%20Gas/Documentos/CAT_English.pdf;;;;1;;;;;;;;;;;;;;;;;;;;;;
PuthSchinnen;;PuthSchinnen;;;;;;;1;;;;;;;;;;;;;;;;;;;;;;
Radeland_1;Baruth;Radeland;;;https://www.gascade.de/en/our-network/compressor-stations/radeland/;;;;1;;100;99.1;3;1;SGT 700;31.7;1;SGT 700;33.7;1;SGT 700;33.7;;;;;;;;;
Radeland_2;;Radeland;;;Y:\SciGRID_gas\AusTausch\AP5 - Vergleich&Validierung\AP5.3 - SciGrid-Gas Validierung\MetaData\Kompressoren\Deutschland\Radeland;;GASCADE;Opal;1;3.6;;;;;;;;;;;;;;;;;;;;;
Rainbach;im Muhlkreis;Rainbach;;;;;;;1;;;;;;;;;;;;;;;;;;;;;;
Ravenstein;;Ravenstein;;;;;;;1;;;;;;;;;;;;;;;;;;;;;;
Reckrod;;Reckrod;;;Y:\SciGRID_gas\AusTausch\AP5 - Vergleich&Validierung\AP5.3 - SciGrid-Gas Validierung\MetaData\Kompressoren\Deutschland\Reckrod;;GASCADE;STEGAL,MIDAL;1;1.9;90;;5;1;THM/FT8;3;1;THM/FT8;12.6;1;THM/FT8;12.6;1;THM/FT8;12.6;1;THM/FT8;25.4;;;
Rehden;;Rehden;;;Y:\SciGRID_gas\AusTausch\AP5 - Vergleich&Validierung\AP5.3 - SciGrid-Gas Validierung\MetaData\Kompressoren\Deutschland\Rehden;;GASCADE;NEL,RHG,MIDAL;1;2.1;100;;2;0;;11;0;;11;;;;;;;;;;;;
Rimpar;;Rimpar;;;Y:\SciGRID_gas\AusTausch\AP5 - Vergleich&Validierung\AP5.3 - SciGrid-Gas Validierung\MetaData\Kompressoren\Deutschland\Rimpar;;OpenGridEurop;;1;;;;3;1;;13;1;;13;1;;;;;;;;;;;
Rixfeld_1;Herbstein;Rixfeld;;;Y:\SciGRID_gas\AusTausch\AP5 - Vergleich&Validierung\AP5.3 - SciGrid-Gas Validierung\MetaData\Kompressoren\Deutschland\Rixfeld;;OpenGridEurop;;1;;;39;3;1;;13;1;;13;1;;13;;;;;;;;;
Rixfeld_2;;Rixfeld;;;Y:\SciGRID_gas\AusTausch\AP5 - Vergleich&Validierung\AP5.3 - SciGrid-Gas Validierung\MetaData\Kompressoren\Deutschland\Herbstein;;;;1;;;39;3;1;Titan 130;13;1;Titan 130;13;1;Titan 130;13;;;;;;;;;
Rohatyn;;Rohatyn;;;;;;;1;;;;;;;;;;;;;;;;;;;;;;
Rososh;;Rososh;;;;;;;1;8.333;;;;;;;;;;;;;;;;;;;;;
Rothenstadt;;Rothenstadt;;;Y:\SciGRID_gas\AusTausch\AP5 - Vergleich&Validierung\AP5.3 - SciGrid-Gas Validierung\MetaData\Kompressoren\Deutschland\Rothenstadt;;OpenGridEurop;MEGAL;1;;;45;3;1;;;1;;;1;;;;;;;;;;;
Roussines;;Roussines;;;http://www.grtgaz.com/fileadmin/plaquettes/en/2017/Essentiel-plaquette-institutionnelle-EN-2017.pdf;;;;1;;;;;;;;;;;;;;;;;;;;;;
Ruden;;Ruden;;;;;;TAG;1;;;;;;;;;;;;;;;;;;;;;;
Rueckersdorf;;Rueckersdorf;;;Y:\SciGRID_gas\AusTausch\AP5 - Vergleich&Validierung\AP5.3 - SciGrid-Gas Validierung\MetaData\Kompressoren\Deutschland\Rueckersdorf;;GASCADE;JAGAL,STEGAL;1;2.2;100;;3;1;FT8;25.4;1;FT8;25.4;1;FT8;25.4;;;;;;;;;
Russkaya;;Russkaya;;;;;;;1;;;;;;;;;;;;;;;;;;;;;;
Ruswil;;Ruswil;;;;;;;1;;;;;;;;;;;;;;;;;;;;;;
SanSalvoFlumeTreste;;SanSalvoFlumeTreste;;;;;;;1;;;;;;;;;;;;;;;;;;;;;;
Sayda;;Sayda;;;Y:\SciGRID_gas\AusTausch\AP5 - Vergleich&Validierung\AP5.3 - SciGrid-Gas Validierung\MetaData\Kompressoren\Deutschland\Sayda;;ONTRAS;;1;;;;;;;;;;;;;;;;;;;;;;
Scheemda;;Scheemda;;;;;;;1;;;;;;;;;;;;;;;;;;;;;;
Schwarzach;;Schwarzach;;;;;OpenGridEurop;TENP;1;;;;;;;;;;;;;;;;;;;;;;
Scunthorpe;;Scunthorpe;1973;;https://en.wikipedia.org/wiki/National_Transmission_System;;;;1;;;23.6;2;1;Rolls-Royce Avons;;1;Rolls-Royce Avons;;;;;;;;;;;;;
Sergnano;;Sergnano;;;;;;;1;;;;;;;;;;;;;;;;;;;;;;
Settala;;Settala;;;;;;;1;;;;;;;;;;;;;;;;;;;;;;
Sevilla;;Sevilla;;;https://www.enagas.es/stfls/ENAGAS/Transporte%20de%20Gas/Documentos/CAT_English.pdf;;;;1;;;;;;;;;;;;;;;;;;;;;;
Silistea;;Silistea;;;;;;;1;;;;;;;;;;;;;;;;;;;;;;
Slavyanskaya;Ust-Luga port;Slavyanskaya;;;;;;;1;;;;;;;;;;;;;;;;;;;;;;
Slonim;;Slonim;;;;;;;1;;;;;;;;;;;;;;;;;;;;;;
Smolensk;;Smolensk;;;;;;;1;;;;;;;;;;;;;;;;;;;;;;
Spijk;;Spijk;;;;;;;1;;;;;;;;;;;;;;;;;;;;;;
StArnoultDesBois;;StArnoultDesBois;;;http://www.grtgaz.com/fileadmin/plaquettes/en/2017/Essentiel-plaquette-institutionnelle-EN-2017.pdf;;;;1;;;;;;;;;;;;;;;;;;;;;;
Stavischenskaya;;Stavischenskaya;;;;;;;1;;;;;;;;;;;;;;;;;;;;;;
StFergusC_1;;StFergusC1;;;https://en.wikipedia.org/wiki/National_Transmission_System;;;;1;;;47.2;4;1;Rolls-Royce Avons;;1;Rolls-Royce Avons;;1;Rolls-Royce Avons;;1;Rolls-Royce Avons;;;;;;;
StFergusC_2;;StFergusC2;;;https://en.wikipedia.org/wiki/National_Transmission_System;;;;1;;;65.3;5;1;Rolls-Royce Maxi Avons;;1;Rolls-Royce Maxi Avons;;1;Rolls-Royce RB211s;;1;Rolls-Royce RB211s;;1;Rolls-Royce RB211s;;;;
StMartinDeCrau;;StMartinDeCrau;;;http://www.grtgaz.com/fileadmin/plaquettes/en/2017/Essentiel-plaquette-institutionnelle-EN-2017.pdf;;;;1;;;;;;;;;;;;;;;;;;;;;;
Stolberg;Schwarzenbruch;Stolberg;;;;;OpenGridEurop;TENP;1;;;;;;;;;;;;;;;;;;;;;;
Strandja;;Strandja;;;;;;;1;;;;;;;;;;;;;;;;;;;;;;
StutenseeBlankenloch;;StutenseeBlankenloch;;;;;;;1;;;;;;;;;;;;;;;;;;;;;;
StVictor;;StVictor;;;http://www.grtgaz.com/fileadmin/plaquettes/en/2017/Essentiel-plaquette-institutionnelle-EN-2017.pdf;;;;1;;;;;;;;;;;;;;;;;;;;;;
Szamotuly;;Szamotuly;;;;;;;1;;;;;;;;;;;;;;;;;;;;;;
Talnoe;;Talnoe;;;;;;;1;;;;;;;;;;;;;;;;;;;;;;
Tarsia;;Tarsia;;;;;;;1;;;;;;;;;;;;;;;;;;;;;;
TerranuovaBracciolini;Terranuova Bracciolini;TerranuovaBracciolini;;;;;;;1;;;;;;;;;;;;;;;;;;;;;;
Tivisa;;Tivisa;;;https://www.enagas.es/stfls/ENAGAS/Transporte%20de%20Gas/Documentos/CAT_English.pdf;;;;1;;;;;;;;;;;;;;;;;;;;;;
Toulouse;;Toulouse;;;http://www.grtgaz.com/fileadmin/plaquettes/en/2017/Essentiel-plaquette-institutionnelle-EN-2017.pdf;;;;1;;;;;;;;;;;;;;;;;;;;;;
ValchiDol;;ValchiDol;;;;;;;1;;;;;;;;;;;;;;;;;;;;;;
Varosfoeld;;Varosfoeld;;;;;;;1;;;;1;;;3;;;;;;;;;;;;;;;
VelikaLudina;;VelikaLudina;2019;;;;;;1;;;;;;;;;;;;;;;;;;;;;;
VelkeKapusany;;VelkeKapusany;;;https://www.eustream.sk/en_transmission-system/en_transmission-system;;;;1;8.125;;300;;;;;;;;;;;;;;;;;;;
VeseliNadLuznici;;VeseliNadLuznici;;;;;;;1;;;;;;;;;;;;;;;;;;;;;;
VillarDeArnedo;;VillarDeArnedo;;;https://www.enagas.es/stfls/ENAGAS/Transporte%20de%20Gas/Documentos/CAT_English.pdf;;;;1;;;;;;;;;;;;;;;;;;;;;;
Vindecy;;Vindecy;;;http://www.grtgaz.com/fileadmin/plaquettes/en/2017/Essentiel-plaquette-institutionnelle-EN-2017.pdf;;;;1;;;;;;;;;;;;;;;;;;;;;;
Voisines;;Voisines;;;http://www.grtgaz.com/fileadmin/plaquettes/en/2017/Essentiel-plaquette-institutionnelle-EN-2017.pdf;;;;1;;;;;;;;;;;;;;;;;;;;;;
Volovets;;Volovets;;;;;;;1;;;;;;;;;;;;;;;;;;;;;;
Vulkaneshty;;Vulkaneshty;;;;;;;1;;;;;;;;;;;;;;;;;;;;;;
Waidhaus;;Waidhaus;;;;;;MEGAL;1;;;;;;;;;;;;;;;;;;;;;;
Wardenburg;;Wardenburg;;;Y:\SciGRID_gas\AusTausch\AP5 - Vergleich&Validierung\AP5.3 - SciGrid-Gas Validierung\MetaData\Kompressoren\Deutschland\Wardenburg;;EON;NETRA;1;;90;;;;;;;;;;;;;;;;;;;;
Warrington;;Warrington;;;Shapefile;;;;1;;;;;;;;;;;;;;;;;;;;;;
Weeide;;Weeide;;;;;;;0;;;;;;;;;;;;;;;;;;;;;;
Weisweiler;;Weisweiler;;;Y:\SciGRID_gas\AusTausch\AP5 - Vergleich&Validierung\AP5.3 - SciGrid-Gas Validierung\MetaData\Kompressoren\Deutschland\Weisweiler;;GASCADE;WEDAL;1;0.85;100;37.5;3;0;;12.5;0;electric;12.5;0;electric;12.5;;;;;;;;;
Weitendorf;;Weitendorf;;;;;;TAG;1;;;;;;;;;;;;;;;;;;;;;;
Wildenranna;;Wildenranna;;;;;;;1;;;;;;;;;;;;;;;;;;;;;;
Winksele;;Winksele;;;;;;;0;;;;;;;;;;;;;;;;;;;;;;
Wisbech;;Wisbech;1980;;https://en.wikipedia.org/wiki/National_Transmission_System;;;;1;;;32.6;2;1;Rolls-Royce RB211;;1;gas Rolls-Royce Maxi Avon;;;;;;;;;;;;;
Wloclawek;;Wloclawek;;;;;;;1;;;;;;;;;;;;;;;;;;;;;;
Wooler;;Wooler;;;Shapefile;;;;1;;;;;;;;;;;;;;;;;;;;;;
Wormington;;Wormington;;;Shapefile;;;;1;;;;;;;;;;;;;;;;;;;;;;
Zambrow;;Zambrow;;;;;;;1;;;;;;;;;;;;;;;;;;;;;;
Zamora;;Zamora;;;https://www.enagas.es/stfls/ENAGAS/Transporte%20de%20Gas/Documentos/CAT_English.pdf;;;;1;;;;;;;;;;;;;;;;;;;;;;
Zaragoza;;Zaragoza;;;https://www.enagas.es/stfls/ENAGAS/Transporte%20de%20Gas/Documentos/CAT_English.pdf;;;;1;;;;;;;;;;;;;;;;;;;;;;
Zelzate;;Zelzate;;;;;;;1;;;;;;;;;;;;;;;;;;;;;;
Zweekhorst;;Zweekhorst;;;;;;;1;;;;;;;;;;;;;;;;;;;;;;
