id;comment;comp_id;start_year;end_year;source;license;store_type;is_H_gas;is_onShore;operator_name;Compressor;num_storage_wells;structure_depth_m;max_workingGas_M_m3;max_workingGas_TWh;max_workingGas_kWh;max_cap_store2pipe_M_m3_per_d;max_cap_store2pipe_GWh_per_d;max_cap_store2pipe_GWh_per_d;max_cap_pipe2store_m3_per_d;max_cap_pipe2store_GWh_per_d;max_cap_pipe2store_kWh_per_h;access_regime
TEXT;TEXT;TEXT;INT;INT;TEXT;TEXT;TEXT;INT;INT;TEXT;REAL;REAL;REAL;REAL;REAL;REAL;REAL;REAL;REAL;REAL;REAL;REAL;TEXT
[];[];[];[yyyy];[yyyy];[];[];[];[];[];[];[MW];[];[m];[M Nm^3];[TWh];[kWh];[M m^3/d];[GWh/d];[kWh/h];[M^3/d];[GWh/d];[kWh/h];[]
7Fields;7Fields, Storage Capacity connected to Germany and Austria;7Fields;2011;;https://www.uniper-energy-storage.com/cps/rde/xchg/ust/hs.xsl/3252.htm?rdeLocaleAttr=en;;Leeres Gas Feld;;;;;;;;;;;;;;;;
Aigelsbrunn;Aigelsbrunn;Aigelsbrunn;2011;;http://www.rag-energy-storage.at/en.html;;Leeres Gas Feld;;;;;;;;0.001469;;;;566000;;;566000;
Aldbrough1;Aldbrough_1;Aldbrough1;2009;;http://sse.com/whatwedo/wholesale/gasstorage/;;Salz Kaverne;;;;;;;;;;;;;;;;
Aldbrough2;Aldbrough_2;Aldbrough2;2999;;http://sse.com/whatwedo/ourprojectsandassets/thermal/Aldbrough/;;Salz Kaverne;;;;;;;;;;;;;;;;
Alfonsine;Alfonsine;Alfonsine;2026;;http://www.stogit.it/en/index.html;;Leeres Feld;;;;;;;;;;;;;;;;
Alkmaar;"Alkmaar, Grijpskerk, Norg (NAM) and Alkmaar (TAQA) = Groningen System; No longer offering capacity, to be considered as a production facility.";Alkmaar;1997;;http://www.taqaglobal.com/our-regions/netherlands/gas-storage/peak-gas-installation/overview?sc_lang=en;;Leeres Gas Feld;;;;;;;;4.9;;;352.8;;;36;;
Allmenhausen;Allmenhausen;Allmenhausen;1996;;http://www.thueringerenergie.de/Unternehmen/Ueber_uns/Geschaeftsfelder/Speicher.aspx;;Leeres Gas Feld;;;;;;;62;;;1.488;;;0.744;;;
AlsaceSud;Alsace Sud;AlsaceSud;2022;;http://www.storengy.com/countries/france/en/;;Salz Kaverne;;;;;;;;;;;;;;;;
Atwick;Atwick;Atwick;2999;;;;Salz Kaverne;;;;;;;;;;;;;;;;
BadLauchstaedt_1;Bad Lauchstaedt;BadLauchstaedt;1976;;https://www.vng-gasspeicher.de/storage_locations;;Salt cavern;;;;;17;;1085;;;;;;;;;
BadLauchstaedt_2;Bad Lauchstaedt;BadLauchstaedt;2020;;;;;;;;;;;;;;;;;;;;
BadLauchstaedt_3;Bad Lauchstaedt;BadLauchstaedt;;;;;;;;;;;;;;;;;;;;;
BagnoloMella;Bagnolo Mella;BagnoloMella;2999;;http://www.edisonstoccaggio.it/en;;Leeres Feld;;;;;;;;;;;;;;;;
Balaceanca;Balaceanca;Balaceanca;1992;;http://www.romgaz.ro/en/inmagazinare;;Leeres Gas Feld;;;;;;;;;;;;;;;;
BanatskiDvor_1;BanatskiDvor;BanatskiDvor;2011;;http://www.srbijagas.com/naslovna.1.html;;Leeres Gas Feld;;;;;;;;;;;;;;;;
BanatskiDvor_2;BanatskiDvor;BanatskiDvor;2017;;http://www.srbijagas.com/naslovna.1.html;;Leeres Gas Feld;;;;;;;;;;;;;;;;
Bergermeer;Bergermeer;Bergermeer;2015;;http://www.gasstoragebergermeer.com/gas-storage-bergermeer-2/;;Leeres Gas Feld;;;;;;;;45.6;;;633.6;;;468;;
Berlin;Berlin;Berlin;1992;;http://www.berliner-erdgasspeicher.de/en/Pages/default.aspx;;Aquifer;;;;;;;;;;;;;;;;
Bernburg;Bernburg;Bernburg;1974;;http://www.vng-gasspeicher.de/content/en/Speicher/index.html;;Salz Kaverne;;;;;33;;978;;;;;;;;;
Beynes;Beynes;Beynes;1956;;https://www.storengy.com/countries/france/en/nos-sites/beynes.html;;;1;;;;36;600;1185;;;;;;;;;
Bierwang;Bierwang;Bierwang;1975;;https://www.uniper-energy-storage.com/cps/rde/xchg/ust/hs.xsl/3252.htm?rdeLocaleAttr=en;;Leeres Gas Feld;;;;;;;;;;;;;;;;
Bilciuresti;Bilciuresti;Bilciuresti;1983;;http://www.romgaz.ro/en/inmagazinare;;Leeres Gas Feld;;;;;;;;;;;;;;;;
Bonikowo_1;Bonikowo;Bonikowo;2010;;http://www.pgnig.pl/reports/annualreport2012/en/ar-obrot-magazynowanie-2.html;;Leeres Feld;;;;;;;;;;;;;;;;
Bordolano_2;Bordolano;Bordolano;2016;;http://www.stogit.it/en/index.html;;Leeres Feld;;;;23.3;4;1700;;;;10;;;;;;
Bordolano_3;Bordolano;Bordolano;2019;;http://www.stogit.it/en/index.html;;Leeres Feld;;;;;;;;;;;;;;;;
Breitbrunn;Breitbrunn;Breitbrunn;1996;;https://www.uniper-energy-storage.com/cps/rde/xchg/ust/hs.xsl/3252.htm?rdeLocaleAttr=en;;Leeres Gas Feld;;;;;;;;;;;;;;;;
BruggrafBernsdorf;BruggrafBernsdorf;BruggrafBernsdorf;1970;;https://www.ontras.com/fileadmin/user_upload/Dokumente_Download/Publikationen/ONTRAS_Netzpufferanlage_Burggraf_Bernsdorf.pdf;;Salz Kaverne;;;;;;;;;;;;;;;;
Brugherio;Brugherio;Brugherio;1966;;http://www.stogit.it/en/index.html;;Leeres Feld;;;SNAM;19.8;8;1100;;;;10;;;;;;
Brzeznica_1;Brzeznica;Brzeznica;1979;;https://www.osm.pgnig.pl/en;;Leeres Feld;;;;;;;;;;;;;;;;
Brzeznica_1;Brzeznica;Brzeznica;2017;;https://www.osm.pgnig.pl/en;;Leeres Feld;;;;;;;;;;;;;;;;
Buchholz;Buchholz;Buchholz;;2023;https://www.energiefachmagazin.de/Branchen-News/VNG-Gasspeicher-GmbH-legt-Erdgasspeicher-Buchholz-still;;;;;;;;;;;;;;;;;;
Carrico_1;Carrico;Carrico;2003;;https://www.ign.ren.pt/en/armazenamento-subterraneo3;;Salz Kaverne;;;;;;;;;;;;;;;;
Carrico_2;Carrico;Carrico;2017;;https://www.ign.ren.pt/en/armazenamento-subterraneo4;;Salz Kaverne;;;;;;;;;;;;;;;;
Carrico_3;Carrico;Carrico;2022;;https://www.ign.ren.pt/en/armazenamento-subterraneo4;;Salz Kaverne;;;;;;;;;;;;;;;;
Caythorpe;Caythorpe;Caythorpe;2999;;http://www.caythorpegasstorage.com/caythorpe/;;Leeres Gas Feld;;;;;;;;;;;;;;;;
Cellino;Cellino;Cellino;1984;;http://www.edisonstoccaggio.it/en;;Leeres Gas Feld;;;;2.8;5;850;120;;;;;;;;;
CereLaRonde;CereLaRonde;CereLaRonde;1993;;https://www.storengy.com/countries/france/en/nos-sites/cere-la-ronde.html;;Aquifer;1;;;;13;910;1200;;;;;;;;;
Cerville;Cerville;Cerville;1970;;http://www.storengy.com/countries/france/en/;;Aquifer;1;;;;38;450;1500;;;;;;;;;
CetateaDeBalta;Cetatea de Balta;CetateaDeBalta;;;http://www.romgaz.ro/en/inmagazinare;;Leeres Gas Feld;;;;;;;;;;;;;;;;
Chemery;Chemery;Chemery;1968;;http://www.storengy.com/countries/france/en/;;Aquifer;1;;;;67;1085;7000;;;;;;;;;
Chiren_1;Chiren;Chiren;1974;;http://www.bulgartransgaz.bg/en/pages/transstorge-110.html;;Leeres Gas Feld;;;;;;;;;;;;;;;;
Chiren_2;Chiren;Chiren;2021;;http://www.bulgartransgaz.bg/en/pages/transstorge-110.html;;Leeres Gas Feld;;;;;;;;;;;;;;;;
Collalto;Collalto;Collalto;1994;;http://www.edisonstoccaggio.it/en;;Leeres Gas Feld;;;;17;17;1500;600;;;;;;;;;
Cornegliano;Cornegliano;Cornegliano;2017;;http://italgasstorage.it/eng/progetto.html;;Leeres Gas Feld;;;;;;;;;;;;;;;;
Cortemaggiore;Cortemaggiore;Cortemaggiore;1964;;http://www.stogit.it/en/index.html;;Leeres Feld;;;;43.8;27;1500;;;;24;;;;;;
CugnoLeMacine;CugnoLeMacine;CugnoLeMacine;2999;;http://www.geogastock.it/ITA/Home.asp;;Leeres Feld;;;;;;;;;;;;;;;;
Damaslawek;Damaslawek;Damaslawek;2026;;http://en.gaz-system.pl//;;Salz Kaverne;;;;;;;;;;;;;;;;
Damboice;Damboice;Damboice;2016;;http://www.mnd.eu/en/2014-11-26-12-13-02/mnd-group-companies;;Leeres Gas Feld;;;;;;;;;;;;;;;;
Daszewo_1;Daszewo;Daszewo;2009;;http://www.pgnig.pl/reports/annualreport2012/en/ar-obrot-magazynowanie-2.html;;Leeres ?l Feld;;;;;;;;;;;;;;;;
Daszewo_2;Daszewo;Daszewo;2999;;http://www.pgnig.pl/reports/annualreport2012/en/ar-obrot-magazynowanie-2.html;;Leeres ?l Feld;;;;;;;;;;;;;;;;
Deborah;Deborah;Deborah;2999;;;;Leeres Feld;;;;;;;;;;;;;;;;
DolniBojanovice_1;Dolni Dunajovice;DolniBojanovice;1989;;https://www.innogy-gasstorage.cz/en/index/;;Leeres Gas Feld;;;;;;;;;;;;;;;;
DolniBojanovice_2;Dolni Bojanovice;DolniBojanovice;1999;;http://www.sppstorage.cz/#;;Leeres ?l/Gas Feld;;;;;;;;;;;;;;;;
Elsfleth_EWE;;Elsfleth_EWE;;;;;;;;;;;;;;;;;;;;;
Empelde_1;Empelde;Empelde;1982;;http://www.gasspeicher-hannover.de/startseite.html;;Salz Kaverne;;;;;;;;;;;;;;;;
Empelde_2;Empelde;Empelde;2020;;;;;;;;;;;;;;;;;;;;
EnergyStock;EnergyStock;EnergyStock;2011;;http://www.energystock.com/;;Salt cavern;;;;;;;;;;;;;;;;
EpeH_1;Epe Uniper H-Gas;Epe_Uniper_H;1976;;https://www.uniper-energy-storage.com/cps/rde/xchg/ust/hs.xsl/3252.htm?rdeLocaleAttr=en;;Salz Kaverne;;;;;;;;;;;;;;;;
EpeH_10;Epe-ZES;Epe_ZES;2020;;;;;;;;;;;;;;;;;;;;
EpeH_2;Epe innogy H-Gas;Epe_innogy_H;1990;;http://www.rwe.com/web/cms/en/531750/rwe-gasspeicher/;;Salz Kaverne;;;;;;;;;;;;;;;;
EpeH_3;Epe innogy NL;Epe_innogy_NL;2006;;http://www.rwe.com/web/cms/en/531750/rwe-gasspeicher/;;Salz Kaverne;;;;;;;;;;;;;;;;
EpeH_4;Epe Nuon;Epe_Nuon;2007;;http://corporate.vattenfall.com/about-vattenfall/operations/market-transparency/gas-storage/;;Salz Kaverne;;;;;;;;;;;;;;;;
EpeH_5;Epe Trianel;Epe_Trianel;2008;;http://www.trianel-gasspeicher.com/;;Salz Kaverne;;;;;;;;;;;;;;;;
EpeH_6;Epe Eneco;Epe_Eneco;2012;;https://www.eneco.nl/over-ons/projecten/gasspeicher/voorraadniveau;;Salz Kaverne;;;;;;;;;;;;;;;;
EpeH_7;Epe KGE;Epe_KGE;2012;;http://www.kge-gasspeichergesellschaft.de/;;Salz Kaverne;;;;;;;;;;;;;;;;
EpeH_8;Epe-E.ON;Epe_EON;2020;;;;;;;;;;;;;;;;;;;;
EpeH_9;Epe-KGE;Epe_KGE;2020;;;;;;;;;;;;;;;;;;;;
EpeL_1;Epe Uniper L-Gas;Epe_Uniper_L;1976;;https://www.uniper-energy-storage.com/cps/rde/xchg/ust/hs.xsl/3252.htm?rdeLocaleAttr=en;;Salz Kaverne;;;;;;;;;;;;;;;;
EpeL_2;Epe innogy L-Gas;Epe_innogy_L;2012;;http://www.rwe.com/web/cms/en/531750/rwe-gasspeicher/;;Salz Kaverne;;;;;;;;;;;;;;;;
Eschenfelden;Eschenfelden;Eschenfelden;1976;;https://www.n-ergie.de/geschaeftskunden/produkte/erdgas/erdgasspeicher.html;;Aquifer;;;;;;;;;;;;;;;;
Etrez_1;Etrez;Etrez;2022;;http://www.storengy.com/countries/france/en/;;Salz Kaverne;1;;;;19;1600;1117;;;;;;;;;
Etzel_1;Etzel EGL 1+2;Etzel_EGL_1_2;1993;;https://www.uniper-energy-storage.com/cps/rde/xchg/ust/hs.xsl/3252.htm?rdeLocaleAttr=en;;Salz Kaverne;;;;;;;;;;;;;;;;
Etzel_2;Etzel Crystal;Etzel_Crystal;2012;;https://www.enbw.com/unternehmen/konzern/geschaeftsfelder/speicher/gasspeicher/zahlen-daten-fakten.html;;Salz Kaverne;;;;;;;;;;;;;;;;
Etzel_3;Etzel EKB;Etzel_EKB;2012;;http://www.ekb-storage.de/de/home/;;Salz Kaverne;;;;;;;;;;;;;;;;
Etzel_4;Etzel ESE;Etzel_ESE;2012;;https://www.uniper-energy-storage.com/cps/rde/xchg/ust/hs.xsl/3252.htm?rdeLocaleAttr=en;;Salz Kaverne;;;;;;;;;;;;;;;;
Etzel_5;Etzel-IVG;Etzel_IVG;2020;;;;;;;;;;;;;;;;;;;;
Etzel_VNG;;;2013;;;;;;;;;15;;115;;;;;;;;;
FiumeTreste_1;Fiume Treste;FiumeTreste;1982;;http://www.stogit.it/en/index.html;;Leeres Feld;;;;57.4;84;1200;;;;72;;;;;;
FiumeTreste_2;Fiume Treste;FiumeTreste;2021;;http://www.stogit.it/en/index.html;;Leeres Feld;;;;;;;;;;;;;;;;
FiumeTreste_3;Fiume Treste F;FiumeTreste;2021;;http://www.stogit.it/en/index.html;;Leeres Feld;;;;;;;;;;;;;;;;
Frankenthal;Frankenthal;Frankenthal;1979;;https://www.enovos.de/industrie/ueber-uns/erdgasspeicher;;Aquifer;;;;;;;;;;;;;;;;
Fronhofen;Fronhofen;Fronhofen;1997;;http://www.storengy.com/countries/deutschland/en/products-services.html;;Leeres Gas Feld;;;Storenge;;;;;;114845000;;;334500;;;223000;
Galata_1;Galata;Galata;2999;;http://www.petroceltic.com/operations/bulgaria.aspx;;Leeres Gas Feld;;;;;;;;;;;;;;;;
Galata_2;Galata;Galata;2999;;http://www.petroceltic.com/operations/bulgaria.aspx;;Leeres Gas Feld;;;;;;;;;;;;;;;;
Gatchinskoye;Gatchinskoye;Gatchinskoye;1963;;http://www.gazprom.com/about/production/underground-storage/;;Aquifer;;;;;;;;;;;;;;;;
Gateway;Gateway;Gateway;2999;;http://www.gatewaystorage.co.uk/;;Salz Kaverne;;;;;;;;;;;;;;;;
Gaviota_1;Gaviota;Gaviota;1993;;http://www.enagas.es/enagas/en/Transporte_de_gas/Almacenamientos_Subterraneos;;Leeres Feld;;;;;;;;;;;;;;;;
Gaviota_2;Gaviota;Gaviota;2999;;http://www.enagas.es/enagas/en/Transporte_de_gas/Almacenamientos_Subterraneos;;Leeres Feld;;;;;;;;;;;;;;;;
GermignySousCoulombs;GermignySousCoulombs;GermignySousCoulombs;1982;;http://www.storengy.com/countries/france/en/;;Aquifer;1;;;;22;848;2800;;;;;;;;;
Ghercesti;Ghercesti;Ghercesti;2004;;http://www.romgaz.ro/en/inmagazinare;;Leeres Gas Feld;;;;;;;;;;;;;;;;
GournaySurAronde;GournaySurAronde;GournaySurAronde;1976;;http://www.storengy.com/countries/france/en/;;Aquifer;0;;;;8;717;3130;;;;;;;;;
Grijpskerk;"Grijpskerk, Grijpskerk, Norg (NAM) and Alkmaar (TAQA) = Groningen System; No longer offering capacity, to be considered as a production facility.";Grijpskerk;1997;;http://www.nam.nl/en/about-nam/facts-and-figures.html;;Leeres Gas Feld;;;;;;;;;;;;;;;;
GrubisnoPolje;Grubisno Polje;GrubisnoPolje;2020;;http://www.psp.hr/home;;Leeres Gas Feld;;;;;;;;;;;;;;;;
GSDVirtualGasStorageDK;GSD virtual gas storage;GSDVirtualGasStorageDK;;;http://gaslager.energinet.dk/EN/Pages/default.aspx;;Aquifer;;;;;;;;;;;;;;;;
Haehnlein;Haehnlein;Haehnlein;1960;;http://mndgsgermany.com/;;Aquifer;;;;;;;;;;;;;;;;
HaidachStorage_5;Haidach 5;HaidachStorage_RAG;2006;;http://www.rag-energy-storage.at/en.html;;Leeres Gas Feld;;;;;;;;0.181;;;;226000;;;181000;
HaidachStorage_2;Haidach, Storage Capacity solely connected to Germany;HaidachStorage_Astora;2007;;https://www.astora.de/storage-locations/haidach-storage-facility.html?L=1;;Leeres Gas Feld;;;;;;;;;;;;;;;;
HaidachStorage_3;Haidach,Storage Capacity solely connected to Germany;HaidachStorage_GSA;2007;;http://www.gsa-services.ru/;;Leeres Gas Feld;;;;;;;;;;;;;;;;
Hajduszoboszlo;Hajduszoboszlo;Hajduszoboszlo;1981;;http://www.magyarfoldgaztarolo.hu/en/Lapok/default.aspx;;Leeres Feld;;;;;;;;;;;;;;;;
Harsefeld;Harsefeld;Harsefeld;1992;;http://www.storengy.com/countries/deutschland/en/products-services.html;;Salt cavern;;;;;;;;;1450728000;;;3405000;;;1027778;
HatfieldMoor;HatfieldMoor;HatfieldMoor;2000;;http://www.scottishpower.com/pages/hatfield_moor_gas_storage_facility.asp;;Leeres Gas Feld;;;;;;;;;;;;;;;;
Hauterives;Hauterives;Hauterives;2999;;https://www.storengy.com/countries/france/en/nos-sites/manosque.html;;Salz Kaverne;1;;;;2;1500;200;;;;;;;;;
HillTopFarm_1;HillTopFarm;HillTopFarm;2015;;http://media.edfenergy.com/Misc/AboutUs.aspx;;Salz Kaverne;;;;;;;;;;;;;;;;
HillTopFarm_2;HillTopFarm;HillTopFarm;2017;;http://media.edfenergy.com/Misc/AboutUs.aspx;;Salz Kaverne;;;;;;;;;;;;;;;;
HJe;Hÿje;HJe;1998;;https://www.innogy-gasstorage.cz/en/index/;;Stein Kaverne;;;;;;;;;;;;;;;;
HoleHouseFarm;Hole House Farm;HoleHouseFarm;2001;;http://media.edfenergy.com/Misc/AboutUs.aspx;;Salz Kaverne;;;;;;;;;;;;;;;;
Holford;Holford;Holford;2012;;https://www.uniper-energy-storage.com/cps/rde/xchg/ust/hs.xsl/3437.htm?rdeLocaleAttr=en;;Salz Kaverne;;;;;;;;;;;;;;;;
HolfordBrinefield;Holford Brinefield;HolfordBrinefield;2999;;http://www.kgsp.co.uk/;;Salz Kaverne;;;;;;;;;;;;;;;;
Hornsea;Hornsea;Hornsea;1979;;http://sse.com/whatwedo/wholesale/gasstorage/;;Salz Kaverne;;;;;;;;;;;;;;;;
HumblyGrove;HumblyGrove;HumblyGrove;2005;;http://www.humblyenergy.co.uk/about-us#useful-information;;Leeres Gas Feld;;;;;;;;;;;;;;;;
Huntorf;Huntorf;Huntorf;1980;;;;;;;;;;;;;;;;;;;;
Husow;Husow;Husow;1987;;https://www.osm.pgnig.pl/en;;Leeres Feld;;;;;;;;;;;;;;;;
Incukalns_1;Incukalns;Incukalns;2026;;http://www.lg.lv/index.php?id=3376&lang=eng;;Aquifer;;;;;;;;;;;;;;;;
Incukalns_2;Incukalns;Incukalns;1969;;http://www.lg.lv/index.php?id=3376&lang=eng;;Aquifer;;;;;;;;;;;;;;;;
Incukalns_3;Incukalns;Incukalns;2019;;http://www.lg.lv/index.php?id=3376&lang=eng;;Aquifer;;;;;;;;;;;;;;;;
Incukalns_4;Incukalns;Incukalns;2021;;http://www.lg.lv/index.php?id=3376&lang=eng;;Aquifer;;;;;;;;;;;;;;;;
InzenhamWest;Inzenham-West;InzenhamWest;1982;;http://www.dea-speicher.de/en;;Leeres Feld;;;;;;;;;;;;;;;;
Islandmagee;Islandmagee;Islandmagee;2999;;http://www.islandmageestorage.com/;;Salz Kaverne;;;;;;;;;;;;;;;;
Izaute;Izaute;Izaute;1981;;http://www.tigf.fr/en/what-we-can-offer/storage.html;;Aquifer;;;;;;;;;;;;;;;;
Jemgum_1;Jemgum astora, The initial gas filling started in September 2013, first commercial operations were conducted in 2014/15.;Jemgum_Astora;2013;;https://www.astora.de/storage-locations/jemgum-storage-facility.html?L=1;;Salz Kaverne;;;;;;;;;;;;;;;;
Jemgum_2;Jemgum H;Jemgum_EWE;2013;;http://www.ewe-gasspeicher.de/english/index.php;;Salz Kaverne;;;;;;;;;;;;;;;;
Jemgum_3;Jemgum astora, The storage facility is continuously being expanded until reaching its full capacity.;Jemgum_Astora;2018;;https://www.astora.de/storage-locations/jemgum-storage-facility.html?L=2;;Salz Kaverne;;;;;;;;;;;;;;;;
Jemgum_4;Jengum_WINGAS;Jengum_WINGAS;2020;;;;;;;;;;;;;;;;;;;;
Jengum_VNG;;;;;;;;;;;;10;;149;;;;;;;;;
Kaliningradskoye;Kaliningradskoe;Kaliningradskoye;2013;;http://www.gazprom.com/about/production/underground-storage/;;Salt cavern;;;;;;;;;;;;;;;;
Kalle;Kalle;Kalle;;2016;;;;;;;;;;;;;;;;;;;
Kardoskut;Kardoskut;Kardoskut;1978;;http://www.magyarfoldgaztarolo.hu/en/Lapok/default.aspx;;Leeres Feld;;;;;;;;;;;;;;;;
Katharina_1;Katharina;Katharina;2012;;http://www.ugs-katharina.de/en/unternehmen.html;;Salz Kaverne;;;;;;;;;;;;;;;;
Katharina_2;Katharina;Katharina_EWE;2020;;;;;;;;;;;;;;;;;;;;
KielRoenne;Kiel-Roenne;KielRoenne;1971;;https://www.uniper-energy-storage.com/cps/rde/xchg/ust/hs.xsl/3252.htm?rdeLocaleAttr=en;;Salz Kaverne;;;;;;;;;;;;;;;;
KingStreet;King Street;KingStreet;2999;;http://www.kingstreetenergy.com/;;Salz Kaverne;;;;;;;;;;;;;;;;
KinsaleSouthwest;KinsaleSouthwest;KinsaleSouthwest;2006;2017;http://www.kinsaleenergy.ie/gas-storage.html;;Leeres Feld;;;;;;;;;;;;;;;;
Kirchheilingen;Kirchheilingen;Kirchheilingen;1973;;https://www.vng-gasspeicher.de/storage_locations;;Leeres Gas Feld;;;;;;;;;;;;;;;;
Kosakowo_1;Kosakowo;Kosakowo;2014;;https://www.osm.pgnig.pl/en;;Salz Kaverne;;;;;;;;;;;;;;;;
Kosakowo_2;Kosakowo;Kosakowo;2023;;https://www.osm.pgnig.pl/en;;Salz Kaverne;;;;;;;;;;;;;;;;
Kraak;Kraak;Kraak;2000;;https://www.uniper-energy-storage.com/cps/rde/xchg/ust/hs.xsl/3252.htm?rdeLocaleAttr=en;;Salz Kaverne;;;;;;;;;;;;;;;;
Krummhoern;Krummhoern;Krummhoern;1977;;https://www.uniper-energy-storage.com/cps/rde/xchg/ust/hs.xsl/3252.htm?rdeLocaleAttr=en;;Salz Kaverne;;;;;;;;;;;;;;;;
LB4_1;Lÿb complex (incl. Gajary-Baden);LB4_Nafta;1977;;http://www.nafta.sk/en/about-gas-storage;;Leeres Gas Feld;;;;;;;;;;;;;;;;
LB4_2;Lÿb 4;LB4_Pozagas;1997;;http://www.pozagas.sk/en/?PHPSESSID=8d83cc7890abb7980f6793cf56633a72;;Leeres Gas Feld;;;;;;;;;;;;;;;;
LB4_3;Lÿb complex;LB4_Nafta;2021;;http://www.nafta.sk/en/about-gas-storage;;Leeres Gas Feld;;;;;;;;;;;;;;;;
Lesum_1;Lesum_Storengy;Lesum_Storengy;2000;;http://www.storengy.com/countries/deutschland/en/products-services.html;;Salz Kaverne;;;;;;;;;1450728000;;;2167000;;;1034250;
Lesum_2;Lesum_Wesernetz;Lesum_Wesernetz;2000;;https://www.wesernetz.de/netznutzung/bremen/gasnetz-speicheranlagen.php;;Salz Kaverne;;;;;;;;;;;;;;;;
LilleTorup;Lille Torup;LilleTorup;1987;;http://gaslager.energinet.dk/EN/Pages/default.aspx;;Salz Kaverne;;;;;;;;;;;;;;;;
Lobodice;Lobodice;Lobodice;1965;;https://www.innogy-gasstorage.cz/en/index/;;Aquifer;;;;;;;;;;;;;;;;
Loenhout;Loenhout;Loenhout;1985;;http://www.fluxys.com/belgium/en/Services/Storage/Storage;;Aquifer;;;;;;;;;;;;;;;;
Lussagnet;Lussagnet;Lussagnet;1957;;http://www.tigf.fr/en/what-we-can-offer/storage.html;;Aquifer;;;;;;;;;;;;;;;;
Manosque;Manosque;Manosque;1993;;https://www.storengy.com/countries/france/en/nos-sites/manosque.html;;;1;;;;7;1000;496;;;;;;;;;
Marismas;Marismas;Marismas;2012;;http://www.gasnaturalfenosa.com/en/activities/lines+of+business/1285338591925/supply+and+transportation+of+gas.html;;Leeres Feld;;;;;;;;;;;;;;;;
Minerbio_1;Minerbio;Minerbio;1975;;http://www.stogit.it/en/index.html;;Leeres Feld;;;;44.6;51;1300;;;;63;;;;;;
Minerbio_2;Minerbio;Minerbio;2020;;http://www.stogit.it/en/index.html;;Leeres Feld;;;;;;;;;;;;;;;;
MoeckowH;Moeckow H;MoeckowH;2020;;http://www.ewe-gasspeicher.de/english/index.php;;Salz Kaverne;;;;;;;;;;;;;;;;
Mogilno_1;Mogilno;Mogilno;1997;;https://www.osm.pgnig.pl/en;;Salz Kaverne;;;;;;;;;;;;;;;;
Mogilno_2;Mogilno;Mogilno;2021;;https://www.osm.pgnig.pl/en;;Salz Kaverne;;;;;;;;;;;;;;;;
Mogilno_3;Mogilno;Mogilno;2023;;https://www.osm.pgnig.pl/en;;Salz Kaverne;;;;;;;;;;;;;;;;
Moldova;Moldova;Moldova;2023;;http://www.romgaz.ro/en/content/ugs-n-366-new-gas-storage-facility-romania;;Leeres Feld;;;;;;;;;;;;;;;;
Mozyrskoye_1;Mozyrskoye;Mozyrskoye;2008;;http://belarus-tr.gazprom.ru/;;Salz Kaverne;;;;;;;;;;;;;;;;
Mozyrskoye_2;Mozyrskoye;Mozyrskoye;2020;;http://belarus-tr.gazprom.ru/;;Salz Kaverne;;;;;;;;;;;;;;;;
Nevskoye;Nevskoye;Nevskoye;1975;;http://www.gazprom.com/about/production/underground-storage/;;Aquifer;;;;;;;;;;;;;;;;
NorgLangelo_1;"Norg, Grijpskerk, Norg (NAM) and Alkmaar (TAQA) = Groningen System; No longer offering capacity, to be considered as a production facility.";NorgLangelo;1997;;http://www.nam.nl/en/about-nam/facts-and-figures.html;;Leeres Gas Feld;;;;;;;;;;;;;;;;
NorgLangelo_2;NorgLangelo;NorgLangelo;;;;;;;;;;;;;;;;;;;;;
Nuettermoor_H;Nuetttermoor H-1, Storage Capacity connected to the Netherlands (GTS), E.ON share of 109,3 mcm solely used in NL;Nuettermoor_H;1979;;http://www.ewe-gasspeicher.de/english/index.php;;Salz Kaverne;;;;;;;;;;;;;;;;
Nuettermoor_L;Nuettermoor L;Nuettermoor_L;1979;;http://www.ewe-gasspeicher.de/english/index.php;;Salz Kaverne;;;;;;;;;;;;;;;;
NussdorfZagling;Nussdorf, Storage Capacity connected to Germany and Austria;NussdorfZagling;2014;;http://www.rag-energy-storage.at/en.html;;Leeres Gas Feld;;;;;;;;3.254;;;;1697000;;;1360000;
Okoli;Okoli;Okoli;1988;;http://www.psp.hr/home;;Leeres Gas Feld;;;;;;;;;;;;;;;;
Osipovichskoye;Osipovichskoye;Osipovichskoye;1976;;http://belarus-tr.gazprom.ru/;;Aquifer;;;;;;;;;;;;;;;;
PalazzoMoroni;PalazzoMoroni;PalazzoMoroni;2017;;http://www.edisonstoccaggio.it/en;;Leeres Gas Feld;;;;;;;;;;;;;;;;
Peckensen_1;Peckensen;Peckensen;2002;;http://www.storengy.com/countries/deutschland/en/products-services.html;;Salz Kaverne;;;;;;;;;3860120000;;;9664916;;;3528000;
Peckensen_2;Peckensen;Peckensen;2020;;;;;;;;;;;;;;;;;;;;
Pinasses;Pinasses;Pinasses;2022;;http://www.gasnaturalfenosa.com/en/activities/lines+of+business/1285338591925/supply+and+transportation+of+gas.html;;Salz Kaverne;;;;;;;;;;;;;;;;
Poggiofiorito;Poggiofiorito;Poggiofiorito;2999;;http://ir.gasplus.it/home/show.php?menu=00002;;Leeres Feld;;;;;;;;;;;;;;;;
Preesall;Preesall;Preesall;2999;;http://www.halite-energy.co.uk/our-project/project-overview/;;Salz Kaverne;;;;;;;;;;;;;;;;
Pribugskoye;Pribugskoye;Pribugskoye;2000;;http://belarus-tr.gazprom.ru/;;Leeres Gas Feld;;;;;;;;;;;;;;;;
Puchkirchen;Puchkirchen, GCV 11,31;Puchkirchen;1982;;http://www.rag-energy-storage.at/en.html;;Leeres Gas Feld;;;;;;;;12.204;;;;5881000;;;5881000;
Pusztaederics;Pusztaederics;Pusztaederics;1979;;http://www.magyarfoldgaztarolo.hu/en/Lapok/default.aspx;;Leeres Feld;;;;;;;;;;;;;;;;
Reckrod;Reckrod;Reckrod;2001;;http://www.gas-union-storage.de/;;Salz Kaverne;;;;;;;;;;;;;;;;
Rehden;Rehden;Rehden;1993;;https://www.astora.de/storage-locations/rehden-storage-facility.html?L=1;;Leeres Gas Feld;;;;;;;;;;;;;;;;
Ripalta_1;Ripalta;Ripalta;1967;;http://www.stogit.it/en/index.html;;Leeres Feld;;;;46.66;35;1400;;;;24;;;;;;
Ripalta_2;Ripalta;Ripalta;2020;;http://www.stogit.it/en/index.html;;Leeres Feld;;;;;;;;;;;;;;;;
Ripalta_3;Ripalta;Ripalta;2026;;http://www.stogit.it/en/index.html;;Leeres Feld;;;;;;;;;;;;;;;;
Ron;Ronÿ;Ron;2018;;http://www.ceskaplynarenska.cz/en/ultimate-speed-underground-gas-storage;;Stein Kaverne;;;;;;;;;;;;;;;;
Rough;Rough, Capacity offered under negotiated processes with rules that must be applied;Rough;1985;2017;http://www.centrica-sl.co.uk/;;Leeres Gas Feld;;;;;;;;;;;;;;;;
RuedersdorfH;Ruedersdorf H;RuedersdorfH;2007;;http://www.ewe-gasspeicher.de/english/index.php;;Salz Kaverne;;;;;;;;;;;;;;;;
Sabbioncello_1;Sabbioncello;Sabbioncello;1985;;http://www.stogit.it/en/index.html;;Leeres Feld;;;;22.8;31;1100;;;;22.5;;;;;;
Sabbioncello_2;Sabbioncello;Sabbioncello;2023;;http://www.stogit.it/en/index.html;;Leeres Feld;;;;;;;;;;;;;;;;
SaintClairSurEpte;SaintClairSurEpte;SaintClairSurEpte;1982;;http://www.storengy.com/countries/france/en/;;Aquifer;1;;;;20;723;1700;;;;;;;;;
SaintIlliersLaVille;SaintIlliersLaVille;SaintIlliersLaVille;1965;;http://www.storengy.com/countries/france/en/;;Aquifer;1;;;;31;470;1500;;;;;;;;;
SalineEtrez;SalineEtrez;SalineEtrez;1980;;http://www.storengy.com/countries/france/en/;;Salz Kaverne;;;;;;;;;;;;;;;;
SalineManosque;SalineManosque;SalineManosque;1993;;http://www.storengy.com/countries/france/en/;;Salz Kaverne;;;;;;;;;;;;;;;;
SalineTersanne;SalineTersanne;SalineTersanne;1970;;http://www.storengy.com/countries/france/en/;;Salz Kaverne;;;;;;;;;;;;;;;;
Saltfleetby;Saltfleetby;Saltfleetby;2999;;https://www.wingas.com/storage-uk-ltd/home.html;;Leeres Feld;;;;;;;;;;;;;;;;
SanBenedetto;San Benedetto;SanBenedetto;2999;;http://ir.gasplus.it/home/show.php?menu=00002;;Leeres Feld;;;;;;;;;;;;;;;;
Sandhausen;Sandhausen;Sandhausen;1991;;http://www.terranets-bw.de/en/gas-transmission/we-transport-your-natural-gas/;;Aquifer;;;;;;;;;;;;;;;;
SanPotitoECotignola; SanPotitoECotignola, Plant in build-up phase;SanPotitoECotignola;2013;;http://www.edisonstoccaggio.it/en;;Leeres Gas Feld;;;;;;;;;;;;;;;;
Sarmasel_1;Sarmasel;Sarmasel;1995;;http://www.romgaz.ro/en/inmagazinare;;Leeres Gas Feld;;;;;;;;;;;;;;;;
Sarmasel_2;Sarmasel;Sarmasel;2016;;http://www.romgaz.ro/en/content/ugs-n-371-sarmasel-storage-facility-upgrading;;Leeres Gas Feld;;;;;;;;;;;;;;;;
Sarmasel_3;Sarmasel;Sarmasel;2024;;http://www.romgaz.ro/en/content/ugs-n-371-sarmasel-storage-facility-upgrading;;Leeres Gas Feld;;;;;;;;;;;;;;;;
Schmidthausen;Schmidthausen;Schmidthausen;1983;;http://www.storengy.com/countries/deutschland/en/products-services.html;;Leeres Gas Feld;;;;;;;;;1738814000;;;1680000;;;448000;
SchoenkirchenReyersdorf;Schoenkirchen;SchoenkirchenReyersdorf;1977;;http://www.omv.com/portal/01/com/gas/storage;;Leeres Gas Feld;;;;;;;;;;;;;;;;
Sergnano_1;Sergnano;Sergnano;1965;;http://www.stogit.it/en/index.html;;Leeres Feld;;;;47;35;1300;;;;58.5;;;;;;
Sergnano_2;Sergnano;Sergnano;2020;;http://www.stogit.it/en/index.html;;Leeres Feld;;;;;;;;;;;;;;;;
Serrablo;Serrablo;Serrablo;1991;;http://www.enagas.es/enagas/en/Transporte_de_gas/Almacenamientos_Subterraneos;;Leeres Feld;;;;;;;;;;;;;;;;
Settala_1;Settala;Settala;1986;;http://www.stogit.it/en/index.html;;Leeres Feld;;;;22.8;27;1150;;;;43.2;;;;;;
Settala_2;Settala;Settala;2026;;http://www.stogit.it/en/index.html;;Leeres Feld;;;;;;;;;;;;;;;;
Silivri_1;Silivri;Silivri_84;2007;;http://www.tpao.gov.tr/eng/?tp=m&id=84;;Leeres Gas Feld;;;;;;;;;;;;;;;;
Silivri_2;Silivri;Silivri_84;2017;;http://www.tpao.gov.tr/eng/?tp=m&id=84;;Leeres Gas Feld;;;;;;;;;;;;;;;;
Silivri_3;Silivri;Silivri_31;2999;;http://www.tpao.gov.tr/eng/?tp=m&id=31;;Leeres Gas Feld;;;;;;;;;;;;;;;;
Sinarca;Sinarca;Sinarca;2999;;http://ir.gasplus.it/home/show.php?menu=00002;;Leeres Feld;;;;;;;;;;;;;;;;
Skallen;Skallen;Skallen;2004;;https://www.swedegas.com/Our_services/services/Storage;;Rock Cavern;;;;;;;;;;;;;;;;
SoingsEnSologne;SoingsEnSologne;SoingsEnSologne;1981;;http://www.storengy.com/countries/france/en/;;Aquifer;;;;;;;;;;;;;;;;
SouthKavala;SouthKavala;SouthKavala;2022;;http://www.hradf.com/en/portfolio/south-kavala-natural-gas-storage;;Leeres Gas Feld;;;;;;;;;;;;;;;;
Stassfurt;Stassfurt;Stassfurt;1996;;http://www.rwe.com/web/cms/en/531750/rwe-gasspeicher/;;Salz Kaverne;;;;;;;;;;;;;;;;
Stenlille;Stenlille;Stenlille;1994;;http://gaslager.energinet.dk/EN/Pages/default.aspx;;Aquifer;;;;;;;;;;;;;;;;
Stockstadt_1;Stockstadt;Stockstadt_GasField;1969;;http://mndgsgermany.com/;;Depleted gas field;;;;;;;;;;;;;;;;
Stockstadt_2;Stockstadt;Stockstadt_Aquifer;;;;;Aquifer;;;;;;;;;;;;;;;;
Strachocina;Strachocina;Strachocina;1982;;https://www.osm.pgnig.pl/en;;Leeres Feld;;;;;;;;;;;;;;;;
Stramberk;Stramberk;Stramberk;1983;;https://www.innogy-gasstorage.cz/en/stramberk/;;Leeres Feld;;;;;;;;;;;;;;;;
Stublach_1;Stublach;Stublach;2014;;http://www.storengy.com/countries/unitedkingdom/en/oursites.html;;Salz Kaverne;;;;;;;;;;;;;;;;
Stublach_2;Stublach;Stublach;2019;;http://www.storengy.com/countries/unitedkingdom/en/oursites.html;;Salz Kaverne;;;;;;;;;;;;;;;;
Stublach_3;Stublach;Stublach;2020;;http://www.storengy.com/countries/unitedkingdom/en/oursites.html;;Salz Kaverne;;;;;;;;;;;;;;;;
Swarzow;Swarzow;Swarzow;1979;;https://www.osm.pgnig.pl/en;;Leeres Feld;;;;;;;;;;;;;;;;
Syderiai;Syderiai;Syderiai;2022;;http://www.le.lt/index.php/projects-in-progress/syderiai-underground-gas-storage/535;;Aquifer;;;;;;;;;;;;;;;;
Szoreg;Szreg_1;Szoreg;2009;;http://mmbf.hu/en/company/gas_storage;;Leeres ?l Feld mit Gas Haube;;;;;;;;;;;;;;;;
Tallesbrunn;Tallesbrunn;Tallesbrunn;1974;;http://www.omv.com/portal/01/com/gas/storage;;Leeres Gas Feld;;;;;;;;;;;;;;;;
TarguMures_1;TarguMure;TarguMures;2002;;http://www.depomures.ro/;;Leeres Gas Feld;;;;;;;;;;;;;;;;
TarguMures_2;TarguMures;TarguMures;2018;;http://www.depomures.ro/;;Leeres Gas Feld;;;;;;;;;;;;;;;;
TarguMures_3;TarguMures;TarguMures;2020;;http://www.depomures.ro/;;Leeres Gas Feld;;;;;;;;;;;;;;;;
Tarsus;Tarsus;Tarsus;2999;;http://www.bendisenergy.com.tr/tr/Projelerimiz/24-toren-dogalgaz-depolama-ve-madencilik-as;;Salz Kaverne;;;;;;;;;;;;;;;;
Tersanne;Tersanne;Tersanne;1982;;https://www.storengy.com/countries/france/en/our-sites/saint-clair-sur-epte.html;;;H;;;;13;1500;262;;;;;;;;;
Thann;Thann;Thann;1977;2017;http://www.omv.com/portal/01/com/gas/storage;;Leeres Gas Feld;;;;;;;;;;;;;;;;
Tranovice;Tranovice;Tranovice;2000;;https://www.innogy-gasstorage.cz/en/index/;;Leeres Gas Feld;;;;;;;;;;;;;;;;
TroisFontainesAbbaye;TroisFontainesAbbaye;TroisFontainesAbbaye;1970;;http://www.storengy.com/countries/france/en/;;Depleted Field;;;;;;;;;;;;;;;;
TuzGlu_1;TuzGlu;TuzGlu;2017;;http://www.botas.gov.tr/;;Salz Kaverne;;;;;;;;;;;;;;;;
TuzGlu_2;TuzGlu;TuzGlu;2019;;http://www.botas.gov.tr/;;Salz Kaverne;;;;;;;;;;;;;;;;
TuzGlu_3;TuzGlu;TuzGlu;2999;;http://www.botas.gov.tr/;;Salz Kaverne;;;;;;;;;;;;;;;;
Tvrdonice;Tvrdonice;Tvrdonice;1975;;https://www.innogy-gasstorage.cz/en/index/;;Leeres Gas Feld;;;;;;;;;;;;;;;;
Uelsen;Uelsen;Uelsen;1997;;http://www.storengy.com/countries/deutschland/en/products-services.html;;Leeres Gas Feld;;;;;;;;;9775190000;;;41483250;;;3376047;
Uhrice_1;Uhrice;Uhrice;2001;;http://www.gasstorage.cz/en/operation-information/available-firm-capacity/;;Leeres ?l/Gas Feld;;;;;;;;;;;;;;;;
Uhrice_2;Uhrice;Uhrice;2017;;http://www.gasstorage.cz/en/operation-information/available-firm-capacity/;;Leeres ?l/Gas Feld;;;;;;;;;;;;;;;;
Urziceni;Urziceni;Urziceni;1979;;http://www.romgaz.ro/en/inmagazinare;;Leeres Gas Feld;;;;;;;;;;;;;;;;
VelkeKapusany;Velke Kapusany;VelkeKapusany;2021;;http://www.nafta.sk/en/about-gas-storage;;Leeres Gas Feld;;;;;;;;;;;;;;;;
Wierzchowice_1;Wierzchowice;Wierzchowice;1995;;https://www.osm.pgnig.pl/en;;Leeres Feld;;;;;;;;;;;;;;;;
Wierzchowice_2;Wierzchowice;Wierzchowice;2020;;https://www.osm.pgnig.pl/en;;Leeres Feld;;;;;;;;;;;;;;;;
Wolfersberg;Wolfersberg;Wolfersberg;1973;;http://www.bayernugs.de/4-1-Home.html;;Leeres Gas Feld;;;;;;;;;;;;;;;;
Xanten;Xanten;Xanten;1985;;http://www.rwe.com/web/cms/en/531750/rwe-gasspeicher/;;Salz Kaverne;;;;;;;;;;;;;;;;
Yela;Yela;Yela;2012;;http://www.enagas.es/enagas/en/Transporte_de_gas/Almacenamientos_Subterraneos;;Aquifer;;;;;;;;;;;;;;;;
Zsana;Zsana;Zsana;1996;;http://www.magyarfoldgaztarolo.hu/en/Lapok/default.aspx;;Leeres Feld;;;;;;;;;;;;;;;;
